dataset,trial,seed,time_train,time_test,energy_train,energy_test,accuracy,precision,recall,fpr,f1_score,auc,accuracy@5FPR,precision@5FPR,recall@5FPR,fpr@5FPR,f1_score@5FPR,fpr_ratio_age,fpr_ratio_income,fpr_ratio_employment
Base,0,987231,69.70505094528198,1.5101535320281982,6065.062,121.041,0.9859617288828404,0,0.0,0.0,0,0.5,0.9859617288828404,0,0.0,0.0,0,0,0,0
Variant I,0,987231,59.98700928688049,1.4736621379852295,5562.511,127.079,0.9859616604068094,0,0.0,0.0,0,0.5,0.9859616604068094,0,0.0,0.0,0,0,0,0
Variant II,0,987231,66.20182752609253,1.5009944438934326,6269.603,132.267,0.9859616604068094,0,0.0,0.0,0,0.5,0.9859616604068094,0,0.0,0.0,0,0,0,0
Variant III,0,987231,62.68294429779053,1.7471003532409668,6215.518,161.964,0.9815659240623655,0.10821382007822686,0.09389140271493213,0.008585055643879173,0.10054512416717142,0.5426531735355266,0.9815659240623655,0.10821382007822686,0.09389140271493213,0.008585055643879173,0.10054512416717142,0.9804534664123854,0.9152963528397199,0.9970462209936777
Variant IV,0,987231,62.978076696395874,1.848426103591919,6233.174,172.721,0.9890264490714687,0,0.0,0.0,0,0.5,0.9890264490714687,0,0.0,0.0,0,0,0,0
Variant V,0,987231,63.83097529411316,1.7489326000213623,6440.185,157.154,0.9890264490714687,0,0.0,0.0,0,0.5,0.9890264490714687,0,0.0,0.0,0,0,0,0
Base,1,79954,66.13704538345337,1.5126686096191406,6753.855,149.069,0.9859617288828404,0,0.0,0.0,0,0.5,0.9859617288828404,0,0.0,0.0,0,0,0,0
Variant I,1,79954,65.59139776229858,1.483079195022583,6811.331,133.245,0.9859616604068094,0,0.0,0.0,0,0.5,0.9859616604068094,0,0.0,0.0,0,0,0,0
Variant II,1,79954,64.91268515586853,1.4771502017974854,6804.037,143.784,0.9859616604068094,0,0.0,0.0,0,0.5,0.9859616604068094,0,0.0,0.0,0,0,0,0
Variant III,1,79954,63.995118141174316,1.7364757061004639,6774.601,165.485,0.9890264490714687,0,0.0,0.0,0,0.5,0.9890264490714687,0,0.0,0.0,0,0,0,0
Variant IV,1,79954,63.250256299972534,1.8710622787475586,6685.991,183.719,0.9890264490714687,0,0.0,0.0,0,0.5,0.9890264490714687,0,0.0,0.0,0,0,0,0
Variant V,1,79954,63.63392949104309,1.7448785305023193,6637.537,172.2,0.9890264490714687,0,0.0,0.0,0,0.5,0.9890264490714687,0,0.0,0.0,0,0,0,0
Base,2,567130,65.11858010292053,1.4909977912902832,6815.821,133.892,0.9859617288828404,0,0.0,0.0,0,0.5,0.9859617288828404,0,0.0,0.0,0,0,0,0
Variant I,2,567130,65.36406373977661,1.4631166458129883,6865.561,142.918,0.9859616604068094,0,0.0,0.0,0,0.5,0.9859616604068094,0,0.0,0.0,0,0,0,0
Variant II,2,567130,65.37826490402222,1.5143280029296875,6873.588,144.318,0.9859616604068094,0,0.0,0.0,0,0.5,0.9859616604068094,0,0.0,0.0,0,0,0,0
Variant III,2,567130,62.58047366142273,1.7495958805084229,6641.463,163.153,0.9890264490714687,0,0.0,0.0,0,0.5,0.9890264490714687,0,0.0,0.0,0,0,0,0
Variant IV,2,567130,61.812896490097046,1.8372347354888916,6533.613,173.652,0.9890264490714687,0,0.0,0.0,0,0.5,0.9890264490714687,0,0.0,0.0,0,0,0,0
Variant V,2,567130,61.79144310951233,1.7397279739379883,6509.8,163.552,0.9890264490714687,0,0.0,0.0,0,0.5,0.9890264490714687,0,0.0,0.0,0,0,0,0
Base,3,500891,65.49420666694641,1.4626672267913818,6931.181,145.598,0.9859617288828404,0,0.0,0.0,0,0.5,0.9859617288828404,0,0.0,0.0,0,0,0,0
Variant I,3,500891,65.38897156715393,1.468291997909546,6965.395,145.832,0.9859616604068094,0,0.0,0.0,0,0.5,0.9859616604068094,0,0.0,0.0,0,0,0,0
Variant II,3,500891,64.66164207458496,1.4708096981048584,6930.833,136.235,0.9859616604068094,0,0.0,0.0,0,0.5,0.9859616604068094,0,0.0,0.0,0,0,0,0
Variant III,3,500891,62.549665451049805,1.7249705791473389,6638.268,166.443,0.9890264490714687,0,0.0,0.0,0,0.5,0.9890264490714687,0,0.0,0.0,0,0,0,0
Variant IV,3,500891,59.59333539009094,2.4562864303588867,6388.997,230.975,0.9890264490714687,0,0.0,0.0,0,0.5,0.9890264490714687,0,0.0,0.0,0,0,0,0
Variant V,3,500891,63.022905349731445,1.7547767162322998,6760.409,167.206,0.9890264490714687,0,0.0,0.0,0,0.5,0.9890264490714687,0,0.0,0.0,0,0,0,0
Base,4,55399,65.35599327087402,1.4819343090057373,7001.119,146.127,0.9859617288828404,0,0.0,0.0,0,0.5,0.9859617288828404,0,0.0,0.0,0,0,0,0
Variant I,4,55399,68.84345054626465,1.4882497787475586,7281.928,145.546,0.9859616604068094,0,0.0,0.0,0,0.5,0.9859616604068094,0,0.0,0.0,0,0,0,0
Variant II,4,55399,66.00011563301086,1.5084421634674072,7149.427,146.455,0.9743866152870592,0.15737799595726248,0.18936761640027797,0.014436111056141532,0.1718971771014036,0.5874657526720682,0.9743866152870592,0.15737799595726248,0.18936761640027797,0.014436111056141532,0.1718971771014036,0.9578830187852609,0.9949947160341238,0.9003995386513121
Variant III,4,55399,62.900803327560425,1.7429840564727783,6652.102,164.92,0.9890264490714687,0,0.0,0.0,0,0.5,0.9890264490714687,0,0.0,0.0,0,0,0,0
Variant IV,4,55399,61.997392892837524,1.8666365146636963,6605.047,184.705,0.9890264490714687,0,0.0,0.0,0,0.5,0.9890264490714687,0,0.0,0.0,0,0,0,0
Variant V,4,55399,62.32539916038513,1.7375295162200928,6670.954,166.05,0.9890264490714687,0,0.0,0.0,0,0.5,0.9890264490714687,0,0.0,0.0,0,0,0,0
Base,5,135049,64.57729625701904,1.46779465675354,6909.164,146.546,0.9859617288828404,0,0.0,0.0,0,0.5,0.9859617288828404,0,0.0,0.0,0,0,0,0
Variant I,5,135049,67.09015464782715,1.4823181629180908,7143.966,145.55,0.9859616604068094,0,0.0,0.0,0,0.5,0.9859616604068094,0,0.0,0.0,0,0,0,0
Variant II,5,135049,65.79427814483643,1.4846363067626953,7038.003,147.352,0.9859616604068094,0,0.0,0.0,0,0.5,0.9859616604068094,0,0.0,0.0,0,0,0,0
Variant III,5,135049,63.51608061790466,1.7391149997711182,6806.994,176.468,0.9890264490714687,0,0.0,0.0,0,0.5,0.9890264490714687,0,0.0,0.0,0,0,0,0
Variant IV,5,135049,63.004555463790894,1.8532822132110596,6751.302,176.661,0.9890264490714687,0,0.0,0.0,0,0.5,0.9890264490714687,0,0.0,0.0,0,0,0,0
Variant V,5,135049,63.4837121963501,1.753636121749878,6865.457,165.691,0.9890264490714687,0,0.0,0.0,0,0.5,0.9890264490714687,0,0.0,0.0,0,0,0,0
Base,6,733378,66.81030178070068,1.6958527565002441,7064.689,164.162,0.9859617288828404,0,0.0,0.0,0,0.5,0.9859617288828404,0,0.0,0.0,0,0,0,0
Variant I,6,733378,64.85463690757751,1.4715783596038818,6938.652,137.053,0.9859616604068094,0,0.0,0.0,0,0.5,0.9859616604068094,0,0.0,0.0,0,0,0,0
Variant II,6,733378,65.11247873306274,1.4666526317596436,6986.17,137.312,0.9859616604068094,0,0.0,0.0,0,0.5,0.9859616604068094,0,0.0,0.0,0,0,0,0
Variant III,6,733378,65.85456466674805,1.7693850994110107,7040.135,165.367,0.9890264490714687,0,0.0,0.0,0,0.5,0.9890264490714687,0,0.0,0.0,0,0,0,0
Variant IV,6,733378,62.74461221694946,1.8552451133728027,6722.841,185.874,0.9890264490714687,0,0.0,0.0,0,0.5,0.9890264490714687,0,0.0,0.0,0,0,0,0
Variant V,6,733378,63.68976283073425,1.7279746532440186,6742.771,165.317,0.9890264490714687,0,0.0,0.0,0,0.5,0.9890264490714687,0,0.0,0.0,0,0,0,0
Base,7,732057,65.53971266746521,1.46309232711792,6973.616,145.778,0.9859617288828404,0,0.0,0.0,0,0.5,0.9859617288828404,0,0.0,0.0,0,0,0,0
Variant I,7,732057,61.44435906410217,1.4625327587127686,6611.953,136.421,0.9859616604068094,0,0.0,0.0,0,0.5,0.9859616604068094,0,0.0,0.0,0,0,0,0
Variant II,7,732057,67.21838355064392,1.4526102542877197,7139.041,133.047,0.9859616604068094,0,0.0,0.0,0,0.5,0.9859616604068094,0,0.0,0.0,0,0,0,0
Variant III,7,732057,61.053608417510986,1.7322211265563965,6468.424,175.056,0.9890264490714687,0,0.0,0.0,0,0.5,0.9890264490714687,0,0.0,0.0,0,0,0,0
Variant IV,7,732057,63.090057373046875,1.8418521881103516,6634.002,184.502,0.9890264490714687,0,0.0,0.0,0,0.5,0.9890264490714687,0,0.0,0.0,0,0,0,0
Variant V,7,732057,62.94782900810242,1.7386260032653809,6651.729,175.427,0.9890264490714687,0,0.0,0.0,0,0.5,0.9890264490714687,0,0.0,0.0,0,0,0,0
Base,8,51333,66.34531497955322,1.5076782703399658,7036.48,145.484,0.9859617288828404,0,0.0,0.0,0,0.5,0.9859617288828404,0,0.0,0.0,0,0,0,0
Variant I,8,51333,65.66551303863525,1.4582221508026123,6935.134,144.735,0.9859616604068094,0,0.0,0.0,0,0.5,0.9859616604068094,0,0.0,0.0,0,0,0,0
Variant II,8,51333,65.56311440467834,1.4812541007995605,6998.631,146.365,0.9859616604068094,0,0.0,0.0,0,0.5,0.9859616604068094,0,0.0,0.0,0,0,0,0
Variant III,8,51333,66.17064595222473,1.772768497467041,7013.128,175.168,0.9890264490714687,0,0.0,0.0,0,0.5,0.9890264490714687,0,0.0,0.0,0,0,0,0
Variant IV,8,51333,63.19002175331116,1.8485403060913086,6700.145,174.007,0.9890264490714687,0,0.0,0.0,0,0.5,0.9890264490714687,0,0.0,0.0,0,0,0,0
Variant V,8,51333,55.93434190750122,1.7303669452667236,6026.822,166.193,0.9890264490714687,0,0.0,0.0,0,0.5,0.9890264490714687,0,0.0,0.0,0,0,0,0
Base,9,731479,61.94892406463623,1.4618325233459473,6647.05,145.304,0.9859617288828404,0,0.0,0.0,0,0.5,0.9859617288828404,0,0.0,0.0,0,0,0,0
Variant I,9,731479,66.53252339363098,1.4731862545013428,7184.585,146.688,0.9859616604068094,0,0.0,0.0,0,0.5,0.9859616604068094,0,0.0,0.0,0,0,0,0
Variant II,9,731479,65.2239134311676,1.4774725437164307,6961.85,144.209,0.9859616604068094,0,0.0,0.0,0,0.5,0.9859616604068094,0,0.0,0.0,0,0,0,0
Variant III,9,731479,67.05169343948364,1.7674133777618408,7056.94,173.698,0.9890264490714687,0,0.0,0.0,0,0.5,0.9890264490714687,0,0.0,0.0,0,0,0,0
Variant IV,9,731479,62.24633288383484,1.8618335723876953,6611.869,174.446,0.9890264490714687,0,0.0,0.0,0,0.5,0.9890264490714687,0,0.0,0.0,0,0,0,0
Variant V,9,731479,58.951879024505615,1.7445967197418213,6323.468,175.498,0.9890264490714687,0,0.0,0.0,0,0.5,0.9890264490714687,0,0.0,0.0,0,0,0,0
Base,10,399758,66.35798501968384,1.4714343547821045,6902.344,142.367,0.9859617288828404,0,0.0,0.0,0,0.5,0.9859617288828404,0,0.0,0.0,0,0,0,0
Variant I,10,399758,65.86599087715149,1.4772980213165283,6839.844,143.824,0.9859616604068094,0,0.0,0.0,0,0.5,0.9859616604068094,0,0.0,0.0,0,0,0,0
Variant II,10,399758,65.98832654953003,1.4699862003326416,7024.196,144.642,0.7753085215355349,0.044873956664699434,0.7397498262682418,0.22418518591811293,0.08461507889193594,0.7577823201750644,0.9859616604068094,0,0.0,0.0,0,0,0,0
Variant III,10,399758,62.171319007873535,1.7509765625,6598.955,174.621,0.9890264490714687,0,0.0,0.0,0,0.5,0.9890264490714687,0,0.0,0.0,0,0,0,0
Variant IV,10,399758,61.98122262954712,1.858698844909668,6604.916,185.523,0.9890264490714687,0,0.0,0.0,0,0.5,0.9890264490714687,0,0.0,0.0,0,0,0,0
Variant V,10,399758,61.187440395355225,1.8425772190093994,6508.797,175.105,0.9890264490714687,0,0.0,0.0,0,0.5,0.9890264490714687,0,0.0,0.0,0,0,0,0
Base,11,401397,68.0068953037262,1.4733657836914062,7219.965,146.12,0.9859617288828404,0,0.0,0.0,0,0.5,0.9859617288828404,0,0.0,0.0,0,0,0,0
Variant I,11,401397,64.76054883003235,1.4929628372192383,6835.466,144.258,0.9859616604068094,0,0.0,0.0,0,0.5,0.9859616604068094,0,0.0,0.0,0,0,0,0
Variant II,11,401397,68.00316095352173,1.4713830947875977,7194.978,144.907,0.772386712843276,0.04518541601745092,0.755733148019458,0.2273761700275068,0.08527238154980103,0.7641784889959756,0.9859616604068094,0,0.0,0.0,0,0,0,0
Variant III,11,401397,62.92906737327576,1.7314343452453613,6703.472,165.882,0.9890264490714687,0,0.0,0.0,0,0.5,0.9890264490714687,0,0.0,0.0,0,0,0,0
Variant IV,11,401397,62.48507642745972,1.856426477432251,6681.083,175.942,0.9890264490714687,0,0.0,0.0,0,0.5,0.9890264490714687,0,0.0,0.0,0,0,0,0
Variant V,11,401397,64.19557905197144,1.7611372470855713,6868.963,167.096,0.9890264490714687,0,0.0,0.0,0,0.5,0.9890264490714687,0,0.0,0.0,0,0,0,0
Base,12,855485,65.929607629776,1.5034842491149902,7087.999,147.159,0.9859617288828404,0,0.0,0.0,0,0.5,0.9859617288828404,0,0.0,0.0,0,0,0,0
Variant I,12,855485,67.90123677253723,1.4867422580718994,7197.806,146.657,0.9859616604068094,0,0.0,0.0,0,0.5,0.9859616604068094,0,0.0,0.0,0,0,0,0
Variant II,12,855485,65.05313920974731,1.5095982551574707,6988.13,145.567,0.9859616604068094,0,0.0,0.0,0,0.5,0.9859616604068094,0,0.0,0.0,0,0,0,0
Variant III,12,855485,62.91263556480408,1.7559471130371094,6710.567,165.799,0.9890264490714687,0,0.0,0.0,0,0.5,0.9890264490714687,0,0.0,0.0,0,0,0,0
Variant IV,12,855485,64.8183958530426,1.858428716659546,6907.396,185.25,0.9890264490714687,0,0.0,0.0,0,0.5,0.9890264490714687,0,0.0,0.0,0,0,0,0
Variant V,12,855485,62.076600551605225,1.7385196685791016,6729.104,176.695,0.9344235161706776,0.05718120805369128,0.3212669683257919,0.05877332440799933,0.09708295350957158,0.6312468219588963,0.9890264490714687,0,0.0,0.0,0,0,0,0
Base,13,858884,65.26711463928223,1.479849100112915,6920.97,146.871,0.9859617288828404,0,0.0,0.0,0,0.5,0.9859617288828404,0,0.0,0.0,0,0,0,0
Variant I,13,858884,63.29381012916565,1.460655689239502,6805.735,147.584,0.9859616604068094,0,0.0,0.0,0,0.5,0.9859616604068094,0,0.0,0.0,0,0,0,0
Variant II,13,858884,60.23951864242554,1.4635651111602783,6550.494,148.278,0.9859616604068094,0,0.0,0.0,0,0.5,0.9859616604068094,0,0.0,0.0,0,0,0,0
Variant III,13,858884,62.62026357650757,1.7728197574615479,6761.695,174.913,0.9890264490714687,0,0.0,0.0,0,0.5,0.9890264490714687,0,0.0,0.0,0,0,0,0
Variant IV,13,858884,62.70738458633423,1.8664319515228271,6737.196,176.287,0.9890264490714687,0,0.0,0.0,0,0.5,0.9890264490714687,0,0.0,0.0,0,0,0,0
Variant V,13,858884,62.60862326622009,1.7675492763519287,6844.515,168.115,0.8798785130259195,0.044326976229961304,0.48378582202111614,0.1157267174295038,0.08121281174832257,0.6840295522958062,0.9890264490714687,0,0.0,0.0,0,0,0,0
Base,14,503247,66.57302784919739,1.486954927444458,7159.572,145.366,0.9859617288828404,0,0.0,0.0,0,0.5,0.9859617288828404,0,0.0,0.0,0,0,0,0
Variant I,14,503247,66.76796221733093,1.46378493309021,7130.396,146.382,0.9859616604068094,0,0.0,0.0,0,0.5,0.9859616604068094,0,0.0,0.0,0,0,0,0
Variant II,14,503247,62.4064724445343,1.4582116603851318,6814.156,137.454,0.7996244085654358,0.04912305549654179,0.7230715774843641,0.1992856153404706,0.09199619813885633,0.7618929810719468,0.9859616604068094,0,0.0,0.0,0,0,0,0
Variant III,14,503247,61.59978199005127,1.7407991886138916,6673.527,168.141,0.9890264490714687,0,0.0,0.0,0,0.5,0.9890264490714687,0,0.0,0.0,0,0,0,0
Variant IV,14,503247,62.200350761413574,1.8437602519989014,6640.608,175.59,0.9890264490714687,0,0.0,0.0,0,0.5,0.9890264490714687,0,0.0,0.0,0,0,0,0
Variant V,14,503247,62.83180022239685,1.7411079406738281,6840.886,167.143,0.9528575921083121,0.07801486917060925,0.3046757164404223,0.03995063174629738,0.1242216926743024,0.6323625423470625,0.9528575921083121,0.07801486917060925,0.3046757164404223,0.03995063174629738,0.1242216926743024,0.9632592876682369,0.9757604022715123,0.9502693970690228
Base,15,864741,65.65067148208618,1.4969725608825684,7022.843,146.371,0.9859617288828404,0,0.0,0.0,0,0.5,0.9859617288828404,0,0.0,0.0,0,0,0,0
Variant I,15,864741,66.49249315261841,1.4848904609680176,7109.003,146.727,0.9859616604068094,0,0.0,0.0,0,0.5,0.9859616604068094,0,0.0,0.0,0,0,0,0
Variant II,15,864741,63.294809103012085,1.4720072746276855,6922.324,145.152,0.9699429296131896,0.15123194562446898,0.2473940236275191,0.019769259691686622,0.187714210387556,0.6138123819679163,0.9699429296131896,0.15123194562446898,0.2473940236275191,0.019769259691686622,0.187714210387556,0.9807459747393449,0.9652787445579633,0.9114624853719704
Variant III,15,864741,60.63975715637207,1.7326610088348389,6568.877,178.483,0.9890264490714687,0,0.0,0.0,0,0.5,0.9890264490714687,0,0.0,0.0,0,0,0,0
Variant IV,15,864741,60.5676212310791,1.84130859375,6565.543,187.738,0.9890264490714687,0,0.0,0.0,0,0.5,0.9890264490714687,0,0.0,0.0,0,0,0,0
Variant V,15,864741,59.10612106323242,1.7302627563476562,6454.398,178.508,0.9890264490714687,0,0.0,0.0,0,0.5,0.9890264490714687,0,0.0,0.0,0,0,0,0
Base,16,35032,64.6070601940155,1.4715073108673096,6999.14,138.371,0.9859617288828404,0,0.0,0.0,0,0.5,0.9859617288828404,0,0.0,0.0,0,0,0,0
Variant I,16,35032,65.293301820755,1.486417531967163,7034.124,146.181,0.9859616604068094,0,0.0,0.0,0,0.5,0.9859616604068094,0,0.0,0.0,0,0,0,0
Variant II,16,35032,63.668970584869385,1.4866437911987305,6878.93,146.701,0.9859616604068094,0,0.0,0.0,0,0.5,0.9859616604068094,0,0.0,0.0,0,0,0,0
Variant III,16,35032,65.04658484458923,1.7568573951721191,6978.424,167.772,0.9890264490714687,0,0.0,0.0,0,0.5,0.9890264490714687,0,0.0,0.0,0,0,0,0
Variant IV,16,35032,62.47279238700867,1.857499361038208,6673.976,185.919,0.9890264490714687,0,0.0,0.0,0,0.5,0.9890264490714687,0,0.0,0.0,0,0,0,0
Variant V,16,35032,62.04383111000061,1.769270658493042,6713.216,176.228,0.9890264490714687,0,0.0,0.0,0,0.5,0.9890264490714687,0,0.0,0.0,0,0,0,0
Base,17,995703,64.82344794273376,1.470304012298584,6977.946,148.111,0.9859617288828404,0,0.0,0.0,0,0.5,0.9859617288828404,0,0.0,0.0,0,0,0,0
Variant I,17,995703,65.4693067073822,1.485506296157837,7062.02,146.555,0.9859616604068094,0,0.0,0.0,0,0.5,0.9859616604068094,0,0.0,0.0,0,0,0,0
Variant II,17,995703,64.91275429725647,1.4689409732818604,6943.471,146.123,0.9859616604068094,0,0.0,0.0,0,0.5,0.9859616604068094,0,0.0,0.0,0,0,0,0
Variant III,17,995703,62.03307127952576,1.765411376953125,6630.232,174.455,0.9890264490714687,0,0.0,0.0,0,0.5,0.9890264490714687,0,0.0,0.0,0,0,0,0
Variant IV,17,995703,61.24886226654053,1.8683819770812988,6505.376,183.343,0.9890264490714687,0,0.0,0.0,0,0.5,0.9890264490714687,0,0.0,0.0,0,0,0,0
Variant V,17,995703,61.05893874168396,1.7559247016906738,6518.44,174.606,0.9890264490714687,0,0.0,0.0,0,0.5,0.9890264490714687,0,0.0,0.0,0,0,0,0
Base,18,376761,64.69185185432434,1.4686996936798096,6842.022,135.196,0.9859617288828404,0,0.0,0.0,0,0.5,0.9859617288828404,0,0.0,0.0,0,0,0,0
Variant I,18,376761,64.91737461090088,1.4868245124816895,6861.349,143.355,0.9859616604068094,0,0.0,0.0,0,0.5,0.9859616604068094,0,0.0,0.0,0,0,0,0
Variant II,18,376761,66.53379344940186,1.4740707874298096,6987.708,144.74,0.9859616604068094,0,0.0,0.0,0,0.5,0.9859616604068094,0,0.0,0.0,0,0,0,0
Variant III,18,376761,64.72574639320374,1.7369868755340576,6816.759,172.8,0.9890264490714687,0,0.0,0.0,0,0.5,0.9890264490714687,0,0.0,0.0,0,0,0,0
Variant IV,18,376761,57.35075235366821,1.8487873077392578,6124.849,172.243,0.9890264490714687,0,0.0,0.0,0,0.5,0.9890264490714687,0,0.0,0.0,0,0,0,0
Variant V,18,376761,62.10471844673157,1.7573392391204834,6581.032,173.965,0.9890264490714687,0,0.0,0.0,0,0.5,0.9890264490714687,0,0.0,0.0,0,0,0,0
Base,19,811353,64.86454796791077,1.480466365814209,6824.024,142.932,0.9859617288828404,0,0.0,0.0,0,0.5,0.9859617288828404,0,0.0,0.0,0,0,0,0
Variant I,19,811353,67.78574466705322,1.588965892791748,7085.017,153.352,0.9859616604068094,0,0.0,0.0,0,0.5,0.9859616604068094,0,0.0,0.0,0,0,0,0
Variant II,19,811353,65.46258282661438,1.4794471263885498,6885.748,143.61,0.9859616604068094,0,0.0,0.0,0,0.5,0.9859616604068094,0,0.0,0.0,0,0,0,0
Variant III,19,811353,64.6864664554596,1.757157564163208,6803.656,163.524,0.9890264490714687,0,0.0,0.0,0,0.5,0.9890264490714687,0,0.0,0.0,0,0,0,0
Variant IV,19,811353,62.176544189453125,1.8442676067352295,6543.87,181.594,0.9890264490714687,0,0.0,0.0,0,0.5,0.9890264490714687,0,0.0,0.0,0,0,0,0
Variant V,19,811353,61.88278365135193,1.7509729862213135,6549.176,163.106,0.9890264490714687,0,0.0,0.0,0,0.5,0.9890264490714687,0,0.0,0.0,0,0,0,0
Base,20,577745,65.72920870780945,1.4685900211334229,6875.024,143.614,0.9859617288828404,0,0.0,0.0,0,0.5,0.9859617288828404,0,0.0,0.0,0,0,0,0
Variant I,20,577745,69.13041472434998,1.481705904006958,7199.754,143.111,0.9859616604068094,0,0.0,0.0,0,0.5,0.9859616604068094,0,0.0,0.0,0,0,0,0
Variant II,20,577745,66.01702451705933,1.4666523933410645,6905.473,134.135,0.9859616604068094,0,0.0,0.0,0,0.5,0.9859616604068094,0,0.0,0.0,0,0,0,0
Variant III,20,577745,64.94816398620605,1.7675361633300781,6734.629,170.838,0.9890264490714687,0,0.0,0.0,0,0.5,0.9890264490714687,0,0.0,0.0,0,0,0,0
Variant IV,20,577745,58.89100503921509,1.8730275630950928,6206.779,170.677,0.9890264490714687,0,0.0,0.0,0,0.5,0.9890264490714687,0,0.0,0.0,0,0,0,0
Variant V,20,577745,54.93452215194702,1.7419610023498535,5969.914,172.691,0.9536437816544738,0.08177638657928202,0.3152337858220211,0.039272864195464816,0.12986407766990293,0.6379804608132782,0.9536437816544738,0.08177638657928202,0.3152337858220211,0.039272864195464816,0.12986407766990293,0.9611779077523649,0.9935729858037388,0.9212485675010529
Base,21,659806,55.909074544906616,1.4682304859161377,5977.362,143.148,0.9859373399476126,0.0,0.0,2.47361885491236e-05,0,0.4999876319057254,0.9859373399476126,0.0,0.0,2.47361885491236e-05,0,0.2956630401952017,0.5772637896424387,0.360496596951818
Variant I,21,659806,69.100830078125,1.503114938735962,7205.736,143.809,0.9859616604068094,0,0.0,0.0,0,0.5,0.9859616604068094,0,0.0,0.0,0,0,0,0
Variant II,21,659806,66.01770949363708,1.4800999164581299,6919.31,142.734,0.9859616604068094,0,0.0,0.0,0,0.5,0.9859616604068094,0,0.0,0.0,0,0,0,0
Variant III,21,659806,67.32154130935669,1.7634422779083252,7026.97,172.926,0.9890264490714687,0,0.0,0.0,0,0.5,0.9890264490714687,0,0.0,0.0,0,0,0,0
Variant IV,21,659806,62.42265844345093,1.8776018619537354,6574.462,181.812,0.9890264490714687,0,0.0,0.0,0,0.5,0.9890264490714687,0,0.0,0.0,0,0,0,0
Variant V,21,659806,63.7874014377594,1.7778868675231934,6716.78,172.921,0.9890264490714687,0,0.0,0.0,0,0.5,0.9890264490714687,0,0.0,0.0,0,0,0,0
Base,22,219339,65.55627608299255,1.4919166564941406,6897.164,142.571,0.9859617288828404,0,0.0,0.0,0,0.5,0.9859617288828404,0,0.0,0.0,0,0,0,0
Variant I,22,219339,65.42751169204712,1.4696152210235596,6881.219,134.738,0.9859616604068094,0,0.0,0.0,0,0.5,0.9859616604068094,0,0.0,0.0,0,0,0,0
Variant II,22,219339,65.90100169181824,1.4751813411712646,6901.314,143.789,0.9859616604068094,0,0.0,0.0,0,0.5,0.9859616604068094,0,0.0,0.0,0,0,0,0
Variant III,22,219339,62.723349809646606,1.7526624202728271,6613.306,163.841,0.9890264490714687,0,0.0,0.0,0,0.5,0.9890264490714687,0,0.0,0.0,0,0,0,0
Variant IV,22,219339,62.123159885406494,1.8556060791015625,6563.423,172.875,0.9890264490714687,0,0.0,0.0,0,0.5,0.9890264490714687,0,0.0,0.0,0,0,0,0
Variant V,22,219339,63.114463329315186,1.7527859210968018,6663.497,173.579,0.9890264490714687,0,0.0,0.0,0,0.5,0.9890264490714687,0,0.0,0.0,0,0,0,0
Base,23,979755,64.73299026489258,1.4666900634765625,6846.461,144.292,0.9859617288828404,0,0.0,0.0,0,0.5,0.9859617288828404,0,0.0,0.0,0,0,0,0
Variant I,23,979755,65.65014338493347,1.4894592761993408,6944.213,143.317,0.9859616604068094,0,0.0,0.0,0,0.5,0.9859616604068094,0,0.0,0.0,0,0,0,0
Variant II,23,979755,65.01215147972107,1.4721477031707764,6873.099,145.388,0.9859616604068094,0,0.0,0.0,0,0.5,0.9859616604068094,0,0.0,0.0,0,0,0,0
Variant III,23,979755,62.60403871536255,1.7526369094848633,6646.589,173.929,0.9890264490714687,0,0.0,0.0,0,0.5,0.9890264490714687,0,0.0,0.0,0,0,0,0
Variant IV,23,979755,61.86668562889099,1.8556804656982422,6657.559,183.448,0.9276043563176537,0.05968201233981965,0.3793363499245852,0.06631244247343318,0.1031371744925159,0.656511953725576,0.9890264490714687,0,0.0,0.0,0,0,0,0
Variant V,23,979755,63.09518003463745,1.7510266304016113,6660.671,174.718,0.9890098977126022,0.0,0.0,1.6735001255125095e-05,0,0.49999163249937245,0.9890098977126022,0.0,0.0,1.6735001255125095e-05,0,0.9791175033741544,0.35637271592327774,0
Base,24,625691,65.880038022995,1.474916934967041,6932.228,133.69,0.9859617288828404,0,0.0,0.0,0,0.5,0.9859617288828404,0,0.0,0.0,0,0,0,0
Variant I,24,625691,65.21267485618591,1.470780611038208,7005.332,135.384,0.935495829471733,0.08853006681514476,0.38672689367616403,0.05669067737913838,0.14407766990291263,0.6650181081485128,0.9859616604068094,0,0.0,0.0,0,0,0,0
Variant II,24,625691,68.05140447616577,1.4947633743286133,7123.186,144.409,0.9859616604068094,0,0.0,0.0,0,0.5,0.9859616604068094,0,0.0,0.0,0,0,0,0
Variant III,24,625691,63.006808280944824,1.7572393417358398,6664.105,164.227,0.9890264490714687,0,0.0,0.0,0,0.5,0.9890264490714687,0,0.0,0.0,0,0,0,0
Variant IV,24,625691,61.79391145706177,1.8441498279571533,6542.676,172.396,0.9890264490714687,0,0.0,0.0,0,0.5,0.9890264490714687,0,0.0,0.0,0,0,0,0
Variant V,24,625691,62.66938042640686,1.7491822242736816,6615.915,173.961,0.9890264490714687,0,0.0,0.0,0,0.5,0.9890264490714687,0,0.0,0.0,0,0,0,0
Base,25,215339,65.80150270462036,1.4671862125396729,6919.188,144.722,0.9859617288828404,0,0.0,0.0,0,0.5,0.9859617288828404,0,0.0,0.0,0,0,0,0
Variant I,25,215339,65.03743243217468,1.4877123832702637,6867.746,134.346,0.9859616604068094,0,0.0,0.0,0,0.5,0.9859616604068094,0,0.0,0.0,0,0,0,0
Variant II,25,215339,67.26938533782959,2.1699233055114746,7064.412,209.348,0.9859616604068094,0,0.0,0.0,0,0.5,0.9859616604068094,0,0.0,0.0,0,0,0,0
Variant III,25,215339,59.54505133628845,1.7598354816436768,6351.957,164.057,0.9890264490714687,0,0.0,0.0,0,0.5,0.9890264490714687,0,0.0,0.0,0,0,0,0
Variant IV,25,215339,60.71059203147888,1.9085185527801514,6431.528,181.677,0.9890264490714687,0,0.0,0.0,0,0.5,0.9890264490714687,0,0.0,0.0,0,0,0,0
Variant V,25,215339,62.33395600318909,1.7499632835388184,6602.73,164.949,0.9890264490714687,0,0.0,0.0,0,0.5,0.9890264490714687,0,0.0,0.0,0,0,0,0
Base,26,443417,65.75864553451538,1.4830045700073242,6931.033,143.692,0.9859617288828404,0,0.0,0.0,0,0.5,0.9859617288828404,0,0.0,0.0,0,0,0,0
Variant I,26,443417,65.88501477241516,1.5970675945281982,7032.244,154.373,0.832227696209941,0.05012989237488938,0.610145934676859,0.1646102546850573,0.0926477959215976,0.7227678399959008,0.9859616604068094,0,0.0,0.0,0,0,0,0
Variant II,26,443417,67.39537978172302,1.4603240489959717,7078.5,134.119,0.9859616604068094,0,0.0,0.0,0,0.5,0.9859616604068094,0,0.0,0.0,0,0,0,0
Variant III,26,443417,63.372347831726074,1.7814643383026123,6672.916,173.781,0.9890264490714687,0,0.0,0.0,0,0.5,0.9890264490714687,0,0.0,0.0,0,0,0,0
Variant IV,26,443417,62.02038836479187,1.8763434886932373,6546.333,172.228,0.9890264490714687,0,0.0,0.0,0,0.5,0.9890264490714687,0,0.0,0.0,0,0,0,0
Variant V,26,443417,62.22445821762085,1.7593927383422852,6571.849,174.348,0.9890264490714687,0,0.0,0.0,0,0.5,0.9890264490714687,0,0.0,0.0,0,0,0,0
Base,27,980328,65.79468011856079,1.4846668243408203,6919.997,143.129,0.9859617288828404,0,0.0,0.0,0,0.5,0.9859617288828404,0,0.0,0.0,0,0,0,0
Variant I,27,980328,65.26321291923523,1.4809296131134033,6986.954,144.873,0.9623579337593288,0.1266779817929332,0.2852675469075747,0.02800150396770427,0.17544609466823377,0.6286330214699353,0.9623579337593288,0.1266779817929332,0.2852675469075747,0.02800150396770427,0.17544609466823377,0.9692456544103359,0.992915017492386,0.9386601218720806
Variant II,27,980328,65.56637859344482,1.4749462604522705,6922.257,144.765,0.9859616604068094,0,0.0,0.0,0,0.5,0.9859616604068094,0,0.0,0.0,0,0,0,0
Variant III,27,980328,57.7134485244751,1.7536609172821045,6220.587,174.364,0.9890264490714687,0,0.0,0.0,0,0.5,0.9890264490714687,0,0.0,0.0,0,0,0,0
Variant IV,27,980328,56.44420599937439,1.8630993366241455,6023.661,183.022,0.9890264490714687,0,0.0,0.0,0,0.5,0.9890264490714687,0,0.0,0.0,0,0,0,0
Variant V,27,980328,60.69799065589905,1.7621302604675293,6429.546,172.075,0.9890264490714687,0,0.0,0.0,0,0.5,0.9890264490714687,0,0.0,0.0,0,0,0,0
Base,28,336983,67.1774468421936,1.4937493801116943,7042.328,142.986,0.9859617288828404,0,0.0,0.0,0,0.5,0.9859617288828404,0,0.0,0.0,0,0,0,0
Variant I,28,336983,66.00418257713318,1.4830024242401123,6888.986,142.302,0.9859616604068094,0,0.0,0.0,0,0.5,0.9859616604068094,0,0.0,0.0,0,0,0,0
Variant II,28,336983,66.00961709022522,1.4968526363372803,6895.279,143.917,0.9859616604068094,0,0.0,0.0,0,0.5,0.9859616604068094,0,0.0,0.0,0,0,0,0
Variant III,28,336983,62.7967894077301,1.7669737339019775,6682.575,162.912,0.9872802807110463,0.16507936507936508,0.0392156862745098,0.00220065266504895,0.06337599024984765,0.5185075168047304,0.9872802807110463,0.16507936507936508,0.0392156862745098,0.00220065266504895,0.06337599024984765,0.9570161285703578,0.8516845376193504,0.9209812741251158
Variant IV,28,336983,62.622490644454956,1.872878074645996,6583.036,181.706,0.9890264490714687,0,0.0,0.0,0,0.5,0.9890264490714687,0,0.0,0.0,0,0,0,0
Variant V,28,336983,62.852720737457275,1.7655296325683594,6622.797,171.628,0.9890223112317521,0.0,0.0,4.183750313781274e-06,0,0.4999979081248431,0.9890223112317521,0.0,0.0,4.183750313781274e-06,0,0,0,0
Base,29,518812,66.2853217124939,1.4944305419921875,6956.836,144.445,0.9859617288828404,0,0.0,0.0,0,0.5,0.9859617288828404,0,0.0,0.0,0,0,0,0
Variant I,29,518812,65.96815156936646,1.4944100379943848,6928.536,144.453,0.9859616604068094,0,0.0,0.0,0,0.5,0.9859616604068094,0,0.0,0.0,0,0,0,0
Variant II,29,518812,65.62043809890747,1.4822616577148438,6918.174,143.04,0.9859616604068094,0,0.0,0.0,0,0.5,0.9859616604068094,0,0.0,0.0,0,0,0,0
Variant III,29,518812,64.02432370185852,1.9131736755371094,6754.172,181.281,0.9890264490714687,0,0.0,0.0,0,0.5,0.9890264490714687,0,0.0,0.0,0,0,0,0
Variant IV,29,518812,55.64528846740723,1.8676588535308838,5973.787,181.77,0.9890264490714687,0,0.0,0.0,0,0.5,0.9890264490714687,0,0.0,0.0,0,0,0,0
Variant V,29,518812,62.69262647628784,1.7535865306854248,6655.644,163.349,0.9890264490714687,0,0.0,0.0,0,0.5,0.9890264490714687,0,0.0,0.0,0,0,0,0
Base,30,943378,64.95622396469116,1.474036455154419,6846.742,144.368,0.9859617288828404,0,0.0,0.0,0,0.5,0.9859617288828404,0,0.0,0.0,0,0,0,0
Variant I,30,943378,65.15202140808105,1.493943691253662,6874.171,144.208,0.9859616604068094,0,0.0,0.0,0,0.5,0.9859616604068094,0,0.0,0.0,0,0,0,0
Variant II,30,943378,65.65578007698059,1.4879121780395508,6902.836,143.629,0.9859616604068094,0,0.0,0.0,0,0.5,0.9859616604068094,0,0.0,0.0,0,0,0,0
Variant III,30,943378,62.241132974624634,1.7601284980773926,6591.145,174.094,0.9890264490714687,0,0.0,0.0,0,0.5,0.9890264490714687,0,0.0,0.0,0,0,0,0
Variant IV,30,943378,61.962454319000244,1.861739158630371,6536.378,183.038,0.9890264490714687,0,0.0,0.0,0,0.5,0.9890264490714687,0,0.0,0.0,0,0,0,0
Variant V,30,943378,62.552985191345215,1.7685203552246094,6602.819,172.982,0.9890264490714687,0,0.0,0.0,0,0.5,0.9890264490714687,0,0.0,0.0,0,0,0,0
Base,31,2085,65.55929923057556,1.4760520458221436,6918.502,144.307,0.9859617288828404,0,0.0,0.0,0,0.5,0.9859617288828404,0,0.0,0.0,0,0,0,0
Variant I,31,2085,65.70834350585938,1.4952075481414795,6936.321,143.842,0.9859616604068094,0,0.0,0.0,0,0.5,0.9859616604068094,0,0.0,0.0,0,0,0,0
Variant II,31,2085,65.57143974304199,1.4947729110717773,6925.449,142.118,0.9859616604068094,0,0.0,0.0,0,0.5,0.9859616604068094,0,0.0,0.0,0,0,0,0
Variant III,31,2085,62.36433005332947,1.7592699527740479,6573.343,163.022,0.9890264490714687,0,0.0,0.0,0,0.5,0.9890264490714687,0,0.0,0.0,0,0,0,0
Variant IV,31,2085,61.61586141586304,1.8892168998718262,6472.967,180.714,0.9890264490714687,0,0.0,0.0,0,0.5,0.9890264490714687,0,0.0,0.0,0,0,0,0
Variant V,31,2085,61.91265845298767,1.7662701606750488,6531.383,171.572,0.9890264490714687,0,0.0,0.0,0,0.5,0.9890264490714687,0,0.0,0.0,0,0,0,0
Base,32,663615,66.491774559021,1.5037455558776855,6979.047,144.769,0.9859617288828404,0,0.0,0.0,0,0.5,0.9859617288828404,0,0.0,0.0,0,0,0,0
Variant I,32,663615,64.84738159179688,1.5073857307434082,6838.78,143.095,0.9859616604068094,0,0.0,0.0,0,0.5,0.9859616604068094,0,0.0,0.0,0,0,0,0
Variant II,32,663615,64.72500252723694,1.4940555095672607,6829.326,144.518,0.9859616604068094,0,0.0,0.0,0,0.5,0.9859616604068094,0,0.0,0.0,0,0,0,0
Variant III,32,663615,62.09662055969238,1.7285079956054688,6578.928,161.356,0.9890264490714687,0,0.0,0.0,0,0.5,0.9890264490714687,0,0.0,0.0,0,0,0,0
Variant IV,32,663615,61.68129086494446,1.8643877506256104,6528.843,171.254,0.9890264490714687,0,0.0,0.0,0,0.5,0.9890264490714687,0,0.0,0.0,0,0,0,0
Variant V,32,663615,59.782408714294434,1.7665469646453857,6363.954,173.161,0.9890264490714687,0,0.0,0.0,0,0.5,0.9890264490714687,0,0.0,0.0,0,0,0,0
Base,33,677814,65.35247349739075,1.4938926696777344,6888.495,144.233,0.9859617288828404,0,0.0,0.0,0,0.5,0.9859617288828404,0,0.0,0.0,0,0,0,0
Variant I,33,677814,65.01480174064636,1.4988856315612793,6883.151,144.417,0.9859616604068094,0,0.0,0.0,0,0.5,0.9859616604068094,0,0.0,0.0,0,0,0,0
Variant II,33,677814,65.30897784233093,1.4989161491394043,6890.956,144.46,0.9859616604068094,0,0.0,0.0,0,0.5,0.9859616604068094,0,0.0,0.0,0,0,0,0
Variant III,33,677814,63.30789303779602,1.7504618167877197,6702.024,165.43,0.9890264490714687,0,0.0,0.0,0,0.5,0.9890264490714687,0,0.0,0.0,0,0,0,0
Variant IV,33,677814,62.7742486000061,1.8577392101287842,6615.68,171.047,0.9890264490714687,0,0.0,0.0,0,0.5,0.9890264490714687,0,0.0,0.0,0,0,0,0
Variant V,33,677814,61.99974274635315,1.7866356372833252,6672.918,175.009,0.9085661557813897,0.05780688588711511,0.4792609351432881,0.08667057150029286,0.10316977150046674,0.6962951818214976,0.9890264490714687,0,0.0,0.0,0,0,0,0
Base,34,957737,64.69563460350037,1.4849648475646973,6862.137,144.856,0.9859617288828404,0,0.0,0.0,0,0.5,0.9859617288828404,0,0.0,0.0,0,0,0,0
Variant I,34,957737,67.38642477989197,1.481330394744873,7076.715,144.279,0.9859616604068094,0,0.0,0.0,0,0.5,0.9859616604068094,0,0.0,0.0,0,0,0,0
Variant II,34,957737,67.07517123222351,1.5180168151855469,7037.494,143.412,0.9859616604068094,0,0.0,0.0,0,0.5,0.9859616604068094,0,0.0,0.0,0,0,0,0
Variant III,34,957737,62.56820344924927,1.7599856853485107,6604.407,172.933,0.9890264490714687,0,0.0,0.0,0,0.5,0.9890264490714687,0,0.0,0.0,0,0,0,0
Variant IV,34,957737,62.510977029800415,1.900313377380371,6581.804,180.789,0.9890264490714687,0,0.0,0.0,0,0.5,0.9890264490714687,0,0.0,0.0,0,0,0,0
Variant V,34,957737,62.13500237464905,1.7522146701812744,6556.107,173.014,0.9890264490714687,0,0.0,0.0,0,0.5,0.9890264490714687,0,0.0,0.0,0,0,0,0
Base,35,543082,65.89891695976257,1.5003697872161865,6917.787,144.635,0.9859617288828404,0,0.0,0.0,0,0.5,0.9859617288828404,0,0.0,0.0,0,0,0,0
Variant I,35,543082,66.01574730873108,1.4710843563079834,6915.378,144.457,0.9859616604068094,0,0.0,0.0,0,0.5,0.9859616604068094,0,0.0,0.0,0,0,0,0
Variant II,35,543082,65.0134174823761,1.4794673919677734,6923.986,143.901,0.8773376908443491,0.06673411416786645,0.5958999305072967,0.11865513624760057,0.12002659481401128,0.738622397129848,0.9859616604068094,0,0.0,0.0,0,0,0,0
Variant III,35,543082,62.73296236991882,1.779608964920044,6709.192,162.966,0.5064922705154093,0.018505825908156272,0.8450226244343891,0.497263827294787,0.036218474492723175,0.6738793985698011,0.9890264490714687,0,0.0,0.0,0,0,0,0
Variant IV,35,543082,63.662269592285156,1.8737149238586426,6625.941,181.717,0.9890264490714687,0,0.0,0.0,0,0.5,0.9890264490714687,0,0.0,0.0,0,0,0,0
Variant V,35,543082,61.42282676696777,1.7724699974060059,6476.079,172.261,0.9890264490714687,0,0.0,0.0,0,0.5,0.9890264490714687,0,0.0,0.0,0,0,0,0
Base,36,529927,66.43236875534058,1.5007035732269287,7046.916,143.419,0.9859617288828404,0,0.0,0.0,0,0.5,0.9859617288828404,0,0.0,0.0,0,0,0,0
Variant I,36,529927,66.18874526023865,1.496250867843628,6928.072,143.3,0.9859616604068094,0,0.0,0.0,0,0.5,0.9859616604068094,0,0.0,0.0,0,0,0,0
Variant II,36,529927,65.0014591217041,1.4834437370300293,6826.638,144.249,0.9859616604068094,0,0.0,0.0,0,0.5,0.9859616604068094,0,0.0,0.0,0,0,0,0
Variant III,36,529927,62.47666311264038,1.7753288745880127,6595.028,163.7,0.9890264490714687,0,0.0,0.0,0,0.5,0.9890264490714687,0,0.0,0.0,0,0,0,0
Variant IV,36,529927,63.255375623703,1.8744335174560547,6734.454,182.791,0.8838425634744612,0.044966346842331376,0.473604826546003,0.11160572337042925,0.0821344493852995,0.6809995515877869,0.9890264490714687,0,0.0,0.0,0,0,0,0
Variant V,36,529927,62.46332907676697,1.7651727199554443,6606.436,174.699,0.9890264490714687,0,0.0,0.0,0,0.5,0.9890264490714687,0,0.0,0.0,0,0,0,0
Base,37,66336,64.36754012107849,1.507246732711792,6823.514,144.718,0.9859617288828404,0,0.0,0.0,0,0.5,0.9859617288828404,0,0.0,0.0,0,0,0,0
Variant I,37,66336,64.90223598480225,1.4927072525024414,6869.12,142.596,0.9859616604068094,0,0.0,0.0,0,0.5,0.9859616604068094,0,0.0,0.0,0,0,0,0
Variant II,37,66336,66.55382585525513,1.4878475666046143,7010.188,143.677,0.9859616604068094,0,0.0,0.0,0,0.5,0.9859616604068094,0,0.0,0.0,0,0,0,0
Variant III,37,66336,62.94426941871643,1.7648015022277832,6647.621,172.635,0.9890264490714687,0,0.0,0.0,0,0.5,0.9890264490714687,0,0.0,0.0,0,0,0,0
Variant IV,37,66336,62.05336666107178,1.8596062660217285,6646.888,183.045,0.7902322155648979,0.030839241421065994,0.5953996983408748,0.20760605807045435,0.05864111562958424,0.6938968201352101,0.9890264490714687,0,0.0,0.0,0,0,0,0
Variant V,37,66336,62.37035822868347,1.7577378749847412,6595.153,171.011,0.9890264490714687,0,0.0,0.0,0,0.5,0.9890264490714687,0,0.0,0.0,0,0,0,0
Base,38,272966,64.83175539970398,1.4648034572601318,6834.64,143.809,0.9859617288828404,0,0.0,0.0,0,0.5,0.9859617288828404,0,0.0,0.0,0,0,0,0
Variant I,38,272966,66.80446887016296,1.4964706897735596,7013.893,143.676,0.9859616604068094,0,0.0,0.0,0,0.5,0.9859616604068094,0,0.0,0.0,0,0,0,0
Variant II,38,272966,64.85423946380615,1.4787588119506836,6825.817,142.834,0.9859616604068094,0,0.0,0.0,0,0.5,0.9859616604068094,0,0.0,0.0,0,0,0,0
Variant III,38,272966,62.978907108306885,1.770573377609253,6590.261,161.516,0.9890264490714687,0,0.0,0.0,0,0.5,0.9890264490714687,0,0.0,0.0,0,0,0,0
Variant IV,38,272966,64.38906669616699,1.9133470058441162,6678.712,178.449,0.9890264490714687,0,0.0,0.0,0,0.5,0.9890264490714687,0,0.0,0.0,0,0,0,0
Variant V,38,272966,63.02215313911438,1.7791578769683838,6584.532,172.227,0.9890264490714687,0,0.0,0.0,0,0.5,0.9890264490714687,0,0.0,0.0,0,0,0,0
Base,39,876375,66.52291655540466,1.5012154579162598,6953.301,144.533,0.9859617288828404,0,0.0,0.0,0,0.5,0.9859617288828404,0,0.0,0.0,0,0,0,0
Variant I,39,876375,65.33069467544556,1.5264999866485596,6917.436,154.661,0.9859616604068094,0,0.0,0.0,0,0.5,0.9859616604068094,0,0.0,0.0,0,0,0,0
Variant II,39,876375,65.47772359848022,1.4959449768066406,6961.836,145.256,0.9859616604068094,0,0.0,0.0,0,0.5,0.9859616604068094,0,0.0,0.0,0,0,0,0
Variant III,39,876375,62.66758918762207,1.7633352279663086,6706.371,176.101,0.9890264490714687,0,0.0,0.0,0,0.5,0.9890264490714687,0,0.0,0.0,0,0,0,0
Variant IV,39,876375,62.148608684539795,1.8843519687652588,6659.972,185.706,0.9890264490714687,0,0.0,0.0,0,0.5,0.9890264490714687,0,0.0,0.0,0,0,0,0
Variant V,39,876375,62.499915599823,1.7762033939361572,6729.448,166.307,0.9890264490714687,0,0.0,0.0,0,0.5,0.9890264490714687,0,0.0,0.0,0,0,0,0
Base,40,443181,65.19747567176819,1.5183677673339844,7008.804,146.068,0.9859617288828404,0,0.0,0.0,0,0.5,0.9859617288828404,0,0.0,0.0,0,0,0,0
Variant I,40,443181,65.29132962226868,1.485975980758667,6910.6,144.528,0.9859616604068094,0,0.0,0.0,0,0.5,0.9859616604068094,0,0.0,0.0,0,0,0,0
Variant II,40,443181,60.201523780822754,1.4853792190551758,6465.321,145.213,0.9859616604068094,0,0.0,0.0,0,0.5,0.9859616604068094,0,0.0,0.0,0,0,0,0
Variant III,40,443181,62.404948234558105,1.7619102001190186,6653.319,175.163,0.9890264490714687,0,0.0,0.0,0,0.5,0.9890264490714687,0,0.0,0.0,0,0,0,0
Variant IV,40,443181,62.69579100608826,1.8997390270233154,6593.314,183.158,0.9890264490714687,0,0.0,0.0,0,0.5,0.9890264490714687,0,0.0,0.0,0,0,0,0
Variant V,40,443181,60.540786027908325,1.7587838172912598,6450.136,164.658,0.9890264490714687,0,0.0,0.0,0,0.5,0.9890264490714687,0,0.0,0.0,0,0,0,0
Base,41,38747,66.90439534187317,1.5060310363769531,7159.539,143.914,0.9761817658564662,0.17837664420917548,0.1931897150799166,0.012669875774861106,0.185487906588824,0.5902599196525278,0.9761817658564662,0.17837664420917548,0.1931897150799166,0.012669875774861106,0.185487906588824,0.9752316588220098,0.9955731016363274,0.9816052217422111
Variant I,41,38747,65.7610924243927,1.4962661266326904,6975.885,145.171,0.9859616604068094,0,0.0,0.0,0,0.5,0.9859616604068094,0,0.0,0.0,0,0,0,0
Variant II,41,38747,65.4639778137207,1.5038838386535645,6904.235,144.453,0.9859616604068094,0,0.0,0.0,0,0.5,0.9859616604068094,0,0.0,0.0,0,0,0,0
Variant III,41,38747,60.03846716880798,1.7740437984466553,6395.689,173.139,0.9890264490714687,0,0.0,0.0,0,0.5,0.9890264490714687,0,0.0,0.0,0,0,0,0
Variant IV,41,38747,56.31846380233765,1.8889644145965576,6034.147,181.742,0.9890264490714687,0,0.0,0.0,0,0.5,0.9890264490714687,0,0.0,0.0,0,0,0,0
Variant V,41,38747,65.02224493026733,1.7685449123382568,6821.869,173.14,0.9890264490714687,0,0.0,0.0,0,0.5,0.9890264490714687,0,0.0,0.0,0,0,0,0
Base,42,244518,66.70694780349731,1.4727263450622559,7005.032,143.425,0.9859617288828404,0,0.0,0.0,0,0.5,0.9859617288828404,0,0.0,0.0,0,0,0,0
Variant I,42,244518,64.88748407363892,1.4909110069274902,6839.601,143.134,0.9859616604068094,0,0.0,0.0,0,0.5,0.9859616604068094,0,0.0,0.0,0,0,0,0
Variant II,42,244518,66.13124322891235,1.4971654415130615,6954.237,143.091,0.9859616604068094,0,0.0,0.0,0,0.5,0.9859616604068094,0,0.0,0.0,0,0,0,0
Variant III,42,244518,62.41867756843567,1.7439875602722168,6607.183,164.196,0.9890264490714687,0,0.0,0.0,0,0.5,0.9890264490714687,0,0.0,0.0,0,0,0,0
Variant IV,42,244518,61.73416495323181,1.8409411907196045,6509.716,181.892,0.9890264490714687,0,0.0,0.0,0,0.5,0.9890264490714687,0,0.0,0.0,0,0,0,0
Variant V,42,244518,62.84134650230408,1.7437245845794678,6629.433,173.076,0.9890264490714687,0,0.0,0.0,0,0.5,0.9890264490714687,0,0.0,0.0,0,0,0,0
Base,43,321941,62.423118591308594,1.486396312713623,6613.619,143.782,0.9859617288828404,0,0.0,0.0,0,0.5,0.9859617288828404,0,0.0,0.0,0,0,0,0
Variant I,43,321941,61.38742971420288,1.4821202754974365,6534.578,145.45,0.9859616604068094,0,0.0,0.0,0,0.5,0.9859616604068094,0,0.0,0.0,0,0,0,0
Variant II,43,321941,67.54611086845398,1.4842612743377686,7099.608,145.182,0.9859616604068094,0,0.0,0.0,0,0.5,0.9859616604068094,0,0.0,0.0,0,0,0,0
Variant III,43,321941,62.63854241371155,1.754584550857544,6630.336,163.018,0.9890264490714687,0,0.0,0.0,0,0.5,0.9890264490714687,0,0.0,0.0,0,0,0,0
Variant IV,43,321941,57.25017476081848,1.8693745136260986,6100.832,183.238,0.9890264490714687,0,0.0,0.0,0,0.5,0.9890264490714687,0,0.0,0.0,0,0,0,0
Variant V,43,321941,59.2367422580719,1.7499237060546875,6269.057,174.62,0.9889809328345858,0.0,0.0,4.602125345159401e-05,0,0.4999769893732742,0.9889809328345858,0.0,0.0,4.602125345159401e-05,0,0.8512775188815683,0.9502451425458507,0
Base,44,212423,65.25326871871948,1.491499900817871,6916.183,144.476,0.9859617288828404,0,0.0,0.0,0,0.5,0.9859617288828404,0,0.0,0.0,0,0,0,0
Variant I,44,212423,59.42343735694885,1.4816532135009766,6388.992,146.269,0.9859616604068094,0,0.0,0.0,0,0.5,0.9859616604068094,0,0.0,0.0,0,0,0,0
Variant II,44,212423,62.69897770881653,1.4790313243865967,6734.747,146.766,0.9859616604068094,0,0.0,0.0,0,0.5,0.9859616604068094,0,0.0,0.0,0,0,0,0
Variant III,44,212423,60.34517192840576,1.756103754043579,6492.636,176.528,0.9890264490714687,0,0.0,0.0,0,0.5,0.9890264490714687,0,0.0,0.0,0,0,0,0
Variant IV,44,212423,64.18431067466736,1.874866247177124,6861.796,185.551,0.9890264490714687,0,0.0,0.0,0,0.5,0.9890264490714687,0,0.0,0.0,0,0,0,0
Variant V,44,212423,62.98145151138306,1.7641727924346924,6752.314,166.267,0.9890264490714687,0,0.0,0.0,0,0.5,0.9890264490714687,0,0.0,0.0,0,0,0,0
Base,45,684487,61.23895883560181,1.4912385940551758,6651.473,147.024,0.9859617288828404,0,0.0,0.0,0,0.5,0.9859617288828404,0,0.0,0.0,0,0,0,0
Variant I,45,684487,65.4424741268158,1.494478702545166,7046.028,146.483,0.9859616604068094,0,0.0,0.0,0,0.5,0.9859616604068094,0,0.0,0.0,0,0,0,0
Variant II,45,684487,65.9128348827362,1.4921658039093018,7093.508,147.609,0.9859616604068094,0,0.0,0.0,0,0.5,0.9859616604068094,0,0.0,0.0,0,0,0,0
Variant III,45,684487,60.36645746231079,1.7504727840423584,6566.077,168.619,0.9890264490714687,0,0.0,0.0,0,0.5,0.9890264490714687,0,0.0,0.0,0,0,0,0
Variant IV,45,684487,62.099642276763916,1.8802978992462158,6707.831,188.234,0.9890264490714687,0,0.0,0.0,0,0.5,0.9890264490714687,0,0.0,0.0,0,0,0,0
Variant V,45,684487,60.455182790756226,1.7828021049499512,6565.587,175.799,0.9890264490714687,0,0.0,0.0,0,0.5,0.9890264490714687,0,0.0,0.0,0,0,0,0
Base,46,460021,65.83617949485779,1.4765660762786865,7070.35,146.437,0.9859617288828404,0,0.0,0.0,0,0.5,0.9859617288828404,0,0.0,0.0,0,0,0,0
Variant I,46,460021,64.94037985801697,1.5042593479156494,6966.111,145.471,0.9859616604068094,0,0.0,0.0,0,0.5,0.9859616604068094,0,0.0,0.0,0,0,0,0
Variant II,46,460021,64.87472534179688,1.5012397766113281,6940.486,146.221,0.9859616604068094,0,0.0,0.0,0,0.5,0.9859616604068094,0,0.0,0.0,0,0,0,0
Variant III,46,460021,62.21899676322937,1.7849857807159424,6651.207,176.2,0.9890264490714687,0,0.0,0.0,0,0.5,0.9890264490714687,0,0.0,0.0,0,0,0,0
Variant IV,46,460021,62.1788649559021,1.8823328018188477,6622.561,184.054,0.9890264490714687,0,0.0,0.0,0,0.5,0.9890264490714687,0,0.0,0.0,0,0,0,0
Variant V,46,460021,62.13735485076904,1.7529468536376953,6613.767,174.077,0.9890264490714687,0,0.0,0.0,0,0.5,0.9890264490714687,0,0.0,0.0,0,0,0,0
Base,47,330797,64.86454010009766,1.4729828834533691,6893.082,145.096,0.9859617288828404,0,0.0,0.0,0,0.5,0.9859617288828404,0,0.0,0.0,0,0,0,0
Variant I,47,330797,64.77688765525818,1.4753599166870117,6882.483,144.221,0.9859616604068094,0,0.0,0.0,0,0.5,0.9859616604068094,0,0.0,0.0,0,0,0,0
Variant II,47,330797,65.42630362510681,1.5831654071807861,6933.07,153.538,0.9859616604068094,0,0.0,0.0,0,0.5,0.9859616604068094,0,0.0,0.0,0,0,0,0
Variant III,47,330797,65.1588716506958,1.8706047534942627,6967.667,185.32,0.7755221953722401,0.031046642672774204,0.6440422322775264,0.22301899422642457,0.059237679048312696,0.7105116190255508,0.9890264490714687,0,0.0,0.0,0,0,0,0
Variant IV,47,330797,60.08294367790222,1.8947923183441162,6395.701,183.181,0.9890264490714687,0,0.0,0.0,0,0.5,0.9890264490714687,0,0.0,0.0,0,0,0,0
Variant V,47,330797,55.38996720314026,1.774343729019165,5985.107,174.904,0.9890264490714687,0,0.0,0.0,0,0.5,0.9890264490714687,0,0.0,0.0,0,0,0,0
Base,48,820287,57.8849995136261,1.503946304321289,6240.446,144.314,0.9859617288828404,0,0.0,0.0,0,0.5,0.9859617288828404,0,0.0,0.0,0,0,0,0
Variant I,48,820287,63.415717124938965,1.4828662872314453,6756.35,144.203,0.9859616604068094,0,0.0,0.0,0,0.5,0.9859616604068094,0,0.0,0.0,0,0,0,0
Variant II,48,820287,64.14224457740784,1.4938671588897705,6916.255,146.137,0.848002536461636,0.058891418946317727,0.6560111188325226,0.1492638473868561,0.10808025875146693,0.7533736357228332,0.9859616604068094,0,0.0,0.0,0,0,0,0
Variant III,48,820287,61.7533392906189,1.760179042816162,6591.056,164.865,0.9890264490714687,0,0.0,0.0,0,0.5,0.9890264490714687,0,0.0,0.0,0,0,0,0
Variant IV,48,820287,61.651527643203735,1.88270902633667,6622.496,183.396,0.9890264490714687,0,0.0,0.0,0,0.5,0.9890264490714687,0,0.0,0.0,0,0,0,0
Variant V,48,820287,62.69979977607727,1.757298231124878,6647.146,164.842,0.9890264490714687,0,0.0,0.0,0,0.5,0.9890264490714687,0,0.0,0.0,0,0,0,0
Base,49,934968,64.78199100494385,1.4819817543029785,6868.354,144.637,0.9859617288828404,0,0.0,0.0,0,0.5,0.9859617288828404,0,0.0,0.0,0,0,0,0
Variant I,49,934968,64.95426201820374,1.4905126094818115,6886.493,143.956,0.9859616604068094,0,0.0,0.0,0,0.5,0.9859616604068094,0,0.0,0.0,0,0,0,0
Variant II,49,934968,64.95599341392517,1.4853134155273438,6867.879,144.536,0.9859616604068094,0,0.0,0.0,0,0.5,0.9859616604068094,0,0.0,0.0,0,0,0,0
Variant III,49,934968,62.25379705429077,2.200289249420166,6688.826,212.19,0.9176776788374326,0.05501935483870968,0.4019607843137255,0.07660028449502133,0.0967903028101875,0.662680249909352,0.9890264490714687,0,0.0,0.0,0,0,0,0
Variant IV,49,934968,62.217514514923096,1.8808352947235107,6593.988,182.776,0.9890264490714687,0,0.0,0.0,0,0.5,0.9890264490714687,0,0.0,0.0,0,0,0,0
Variant V,49,934968,62.15296983718872,1.7630071640014648,6614.977,164.068,0.9890264490714687,0,0.0,0.0,0,0.5,0.9890264490714687,0,0.0,0.0,0,0,0,0
Base,50,878902,65.30531096458435,1.5127687454223633,6923.322,145.118,0.9859617288828404,0,0.0,0.0,0,0.5,0.9859617288828404,0,0.0,0.0,0,0,0,0
Variant I,50,878902,66.70234870910645,1.4908452033996582,7048.469,144.409,0.9859616604068094,0,0.0,0.0,0,0.5,0.9859616604068094,0,0.0,0.0,0,0,0,0
Variant II,50,878902,64.99445033073425,1.48384428024292,6878.782,145.004,0.9859616604068094,0,0.0,0.0,0,0.5,0.9859616604068094,0,0.0,0.0,0,0,0,0
Variant III,50,878902,56.72271394729614,1.7685961723327637,6096.045,173.848,0.9890264490714687,0,0.0,0.0,0,0.5,0.9890264490714687,0,0.0,0.0,0,0,0,0
Variant IV,50,878902,63.494877099990845,1.8780014514923096,6801.856,173.294,0.9198210798106524,0.044104017881480675,0.305052790346908,0.07335787800184085,0.07706596808763992,0.6158474561725336,0.9890264490714687,0,0.0,0.0,0,0,0,0
Variant V,50,878902,63.054227352142334,1.783249855041504,6689.893,173.546,0.9890264490714687,0,0.0,0.0,0,0.5,0.9890264490714687,0,0.0,0.0,0,0,0,0
Base,51,507014,65.45298743247986,1.4831295013427734,6922.266,143.991,0.9859617288828404,0,0.0,0.0,0,0.5,0.9859617288828404,0,0.0,0.0,0,0,0,0
Variant I,51,507014,66.96948075294495,1.5389142036437988,7060.72,143.89,0.9859616604068094,0,0.0,0.0,0,0.5,0.9859616604068094,0,0.0,0.0,0,0,0,0
Variant II,51,507014,65.50207042694092,1.491912603378296,6920.766,145.223,0.9859616604068094,0,0.0,0.0,0,0.5,0.9859616604068094,0,0.0,0.0,0,0,0,0
Variant III,51,507014,62.65585279464722,1.7597262859344482,6629.907,174.09,0.9890264490714687,0,0.0,0.0,0,0.5,0.9890264490714687,0,0.0,0.0,0,0,0,0
Variant IV,51,507014,62.05137896537781,1.8744947910308838,6567.699,173.702,0.9890264490714687,0,0.0,0.0,0,0.5,0.9890264490714687,0,0.0,0.0,0,0,0,0
Variant V,51,507014,62.31320929527283,1.762988567352295,6619.923,174.749,0.9890264490714687,0,0.0,0.0,0,0.5,0.9890264490714687,0,0.0,0.0,0,0,0,0
Base,52,63468,64.86996531486511,1.4980249404907227,6867.226,144.977,0.9859617288828404,0,0.0,0.0,0,0.5,0.9859617288828404,0,0.0,0.0,0,0,0,0
Variant I,52,63468,64.90510964393616,1.4950566291809082,6879.813,145.441,0.9859616604068094,0,0.0,0.0,0,0.5,0.9859616604068094,0,0.0,0.0,0,0,0,0
Variant II,52,63468,64.62818241119385,1.4963335990905762,6854.869,144.35,0.9859616604068094,0,0.0,0.0,0,0.5,0.9859616604068094,0,0.0,0.0,0,0,0,0
Variant III,52,63468,63.6491916179657,1.7691733837127686,6737.543,175.082,0.9890264490714687,0,0.0,0.0,0,0.5,0.9890264490714687,0,0.0,0.0,0,0,0,0
Variant IV,52,63468,63.15788245201111,1.896975040435791,6674.874,183.366,0.9890264490714687,0,0.0,0.0,0,0.5,0.9890264490714687,0,0.0,0.0,0,0,0,0
Variant V,52,63468,62.88220262527466,1.75211763381958,6663.831,173.588,0.9890264490714687,0,0.0,0.0,0,0.5,0.9890264490714687,0,0.0,0.0,0,0,0,0
Base,53,568670,56.73472356796265,1.478193998336792,6126.044,135.495,0.9859617288828404,0,0.0,0.0,0,0.5,0.9859617288828404,0,0.0,0.0,0,0,0,0
Variant I,53,568670,64.59293913841248,1.4845168590545654,6857.827,144.749,0.9859616604068094,0,0.0,0.0,0,0.5,0.9859616604068094,0,0.0,0.0,0,0,0,0
Variant II,53,568670,66.17924666404724,1.4848322868347168,6998.1,145.39,0.9859616604068094,0,0.0,0.0,0,0.5,0.9859616604068094,0,0.0,0.0,0,0,0,0
Variant III,53,568670,62.86579990386963,1.750265121459961,6663.231,162.911,0.9890264490714687,0,0.0,0.0,0,0.5,0.9890264490714687,0,0.0,0.0,0,0,0,0
Variant IV,53,568670,61.513694286346436,1.8688483238220215,6517.226,183.763,0.9890264490714687,0,0.0,0.0,0,0.5,0.9890264490714687,0,0.0,0.0,0,0,0,0
Variant V,53,568670,61.72991490364075,1.73583984375,6563.445,163.865,0.9890264490714687,0,0.0,0.0,0,0.5,0.9890264490714687,0,0.0,0.0,0,0,0,0
Base,54,855771,64.57928228378296,1.4603264331817627,6842.027,145.424,0.9859617288828404,0,0.0,0.0,0,0.5,0.9859617288828404,0,0.0,0.0,0,0,0,0
Variant I,54,855771,65.91476392745972,1.4718661308288574,6962.761,145.171,0.9859616604068094,0,0.0,0.0,0,0.5,0.9859616604068094,0,0.0,0.0,0,0,0,0
Variant II,54,855771,64.57552313804626,1.5082156658172607,6848.261,142.783,0.9859616604068094,0,0.0,0.0,0,0.5,0.9859616604068094,0,0.0,0.0,0,0,0,0
Variant III,54,855771,62.749516010284424,1.755906343460083,6750.94,164.757,0.9197424608560363,0.0569901576886443,0.4061085972850679,0.07455861434189608,0.09995359628770302,0.6657749914715859,0.9890264490714687,0,0.0,0.0,0,0,0,0
Variant IV,54,855771,64.33976697921753,1.8738903999328613,6854.799,183.981,0.890318282631004,0.042990152879420665,0.4230769230769231,0.10449753158731487,0.07804945914924699,0.6592896957448041,0.9890264490714687,0,0.0,0.0,0,0,0,0
Variant V,54,855771,62.164172410964966,1.7440462112426758,6614.364,174.034,0.9890264490714687,0,0.0,0.0,0,0.5,0.9890264490714687,0,0.0,0.0,0,0,0,0
Base,55,606372,65.30535888671875,1.495703935623169,6920.095,144.317,0.9859617288828404,0,0.0,0.0,0,0.5,0.9859617288828404,0,0.0,0.0,0,0,0,0
Variant I,55,606372,66.31619358062744,1.5140745639801025,7009.33,143.914,0.9859616604068094,0,0.0,0.0,0,0.5,0.9859616604068094,0,0.0,0.0,0,0,0,0
Variant II,55,606372,65.51101541519165,1.4812464714050293,6928.677,134.7,0.9859616604068094,0,0.0,0.0,0,0.5,0.9859616604068094,0,0.0,0.0,0,0,0,0
Variant III,55,606372,62.3354549407959,1.7847793102264404,6622.652,172.259,0.9890264490714687,0,0.0,0.0,0,0.5,0.9890264490714687,0,0.0,0.0,0,0,0,0
Variant IV,55,606372,63.456177711486816,1.9000935554504395,6684.571,182.2,0.9890264490714687,0,0.0,0.0,0,0.5,0.9890264490714687,0,0.0,0.0,0,0,0,0
Variant V,55,606372,62.52690649032593,1.768885850906372,6641.747,164.633,0.9890264490714687,0,0.0,0.0,0,0.5,0.9890264490714687,0,0.0,0.0,0,0,0,0
Base,56,358900,65.72136187553406,1.4861984252929688,6931.188,144.606,0.9859617288828404,0,0.0,0.0,0,0.5,0.9859617288828404,0,0.0,0.0,0,0,0,0
Variant I,56,358900,65.17775630950928,1.503739595413208,6897.341,145.651,0.9859616604068094,0,0.0,0.0,0,0.5,0.9859616604068094,0,0.0,0.0,0,0,0,0
Variant II,56,358900,65.40931153297424,1.4992640018463135,6902.729,143.133,0.9859616604068094,0,0.0,0.0,0,0.5,0.9859616604068094,0,0.0,0.0,0,0,0,0
Variant III,56,358900,62.41614770889282,1.7633094787597656,6607.693,173.855,0.9890264490714687,0,0.0,0.0,0,0.5,0.9890264490714687,0,0.0,0.0,0,0,0,0
Variant IV,56,358900,64.74557614326477,1.872551679611206,6802.18,171.97,0.9890264490714687,0,0.0,0.0,0,0.5,0.9890264490714687,0,0.0,0.0,0,0,0,0
Variant V,56,358900,65.16082215309143,1.7563941478729248,6867.043,163.2,0.9890264490714687,0,0.0,0.0,0,0.5,0.9890264490714687,0,0.0,0.0,0,0,0,0
Base,57,178392,66.13241934776306,1.5016241073608398,6972.798,143.545,0.9859617288828404,0,0.0,0.0,0,0.5,0.9859617288828404,0,0.0,0.0,0,0,0,0
Variant I,57,178392,65.4108715057373,1.4971873760223389,6908.721,144.644,0.9859616604068094,0,0.0,0.0,0,0.5,0.9859616604068094,0,0.0,0.0,0,0,0,0
Variant II,57,178392,67.0094063282013,1.8726718425750732,7052.818,181.342,0.9859616604068094,0,0.0,0.0,0,0.5,0.9859616604068094,0,0.0,0.0,0,0,0,0
Variant III,57,178392,62.975234031677246,1.7714555263519287,6657.6,172.178,0.9890264490714687,0,0.0,0.0,0,0.5,0.9890264490714687,0,0.0,0.0,0,0,0,0
Variant IV,57,178392,63.593097448349,1.855607271194458,6676.561,181.809,0.9890264490714687,0,0.0,0.0,0,0.5,0.9890264490714687,0,0.0,0.0,0,0,0,0
Variant V,57,178392,61.71379065513611,1.746368169784546,6524.816,173.565,0.9890264490714687,0,0.0,0.0,0,0.5,0.9890264490714687,0,0.0,0.0,0,0,0,0
Base,58,921914,65.69424152374268,1.4896807670593262,6928.976,143.031,0.9859617288828404,0,0.0,0.0,0,0.5,0.9859617288828404,0,0.0,0.0,0,0,0,0
Variant I,58,921914,65.06223249435425,1.48453950881958,6931.256,143.869,0.9859616604068094,0,0.0,0.0,0,0.5,0.9859616604068094,0,0.0,0.0,0,0,0,0
Variant II,58,921914,65.04153299331665,1.4801576137542725,6885.755,144.33,0.9859616604068094,0,0.0,0.0,0,0.5,0.9859616604068094,0,0.0,0.0,0,0,0,0
Variant III,58,921914,63.22321701049805,1.7687110900878906,6687.841,174.185,0.9890264490714687,0,0.0,0.0,0,0.5,0.9890264490714687,0,0.0,0.0,0,0,0,0
Variant IV,58,921914,62.27050542831421,1.8829615116119385,6588.641,181.752,0.9890264490714687,0,0.0,0.0,0,0.5,0.9890264490714687,0,0.0,0.0,0,0,0,0
Variant V,58,921914,62.82404351234436,1.801849126815796,6640.051,173.249,0.9890264490714687,0,0.0,0.0,0,0.5,0.9890264490714687,0,0.0,0.0,0,0,0,0
Base,59,348365,64.9838330745697,1.5000331401824951,6889.598,144.764,0.9859617288828404,0,0.0,0.0,0,0.5,0.9859617288828404,0,0.0,0.0,0,0,0,0
Variant I,59,348365,66.31498789787292,1.4924969673156738,7025.332,144.466,0.9859616604068094,0,0.0,0.0,0,0.5,0.9859616604068094,0,0.0,0.0,0,0,0,0
Variant II,59,348365,65.9385073184967,1.4931700229644775,7089.58,145.416,0.8752255987512805,0.06078780374555023,0.5458651841556637,0.12008489501909643,0.10939349627463268,0.7128901445682836,0.9859616604068094,0,0.0,0.0,0,0,0,0
Variant III,59,348365,62.519400119781494,1.7721083164215088,6655.634,174.354,0.9890264490714687,0,0.0,0.0,0,0.5,0.9890264490714687,0,0.0,0.0,0,0,0,0
Variant IV,59,348365,62.05707406997681,1.8970816135406494,6570.211,181.952,0.9890264490714687,0,0.0,0.0,0,0.5,0.9890264490714687,0,0.0,0.0,0,0,0,0
Variant V,59,348365,62.283316135406494,1.7693202495574951,6615.153,174.123,0.9890264490714687,0,0.0,0.0,0,0.5,0.9890264490714687,0,0.0,0.0,0,0,0,0
Base,60,377482,65.73059296607971,1.5015716552734375,6937.926,144.471,0.9859617288828404,0,0.0,0.0,0,0.5,0.9859617288828404,0,0.0,0.0,0,0,0,0
Variant I,60,377482,65.49660229682922,1.553941249847412,6917.045,153.607,0.9859616604068094,0,0.0,0.0,0,0.5,0.9859616604068094,0,0.0,0.0,0,0,0,0
Variant II,60,377482,65.35533547401428,1.4910094738006592,6916.403,142.958,0.9859616604068094,0,0.0,0.0,0,0.5,0.9859616604068094,0,0.0,0.0,0,0,0,0
Variant III,60,377482,64.24590110778809,1.7928555011749268,6795.981,174.536,0.9890264490714687,0,0.0,0.0,0,0.5,0.9890264490714687,0,0.0,0.0,0,0,0,0
Variant IV,60,377482,62.74161171913147,1.8929204940795898,6607.607,183.741,0.9890264490714687,0,0.0,0.0,0,0.5,0.9890264490714687,0,0.0,0.0,0,0,0,0
Variant V,60,377482,62.212024450302124,1.7527248859405518,6598.515,163.455,0.9890264490714687,0,0.0,0.0,0,0.5,0.9890264490714687,0,0.0,0.0,0,0,0,0
Base,61,44792,65.99348759651184,1.4691076278686523,6967.753,145.154,0.9859617288828404,0,0.0,0.0,0,0.5,0.9859617288828404,0,0.0,0.0,0,0,0,0
Variant I,61,44792,67.13191628456116,1.472475290298462,7086.748,144.312,0.9859616604068094,0,0.0,0.0,0,0.5,0.9859616604068094,0,0.0,0.0,0,0,0,0
Variant II,61,44792,65.93410134315491,1.4858839511871338,6952.567,143.14,0.9859616604068094,0,0.0,0.0,0,0.5,0.9859616604068094,0,0.0,0.0,0,0,0,0
Variant III,61,44792,63.0550811290741,1.7676894664764404,6673.277,172.929,0.9890264490714687,0,0.0,0.0,0,0.5,0.9890264490714687,0,0.0,0.0,0,0,0,0
Variant IV,61,44792,62.08347249031067,1.8646466732025146,6553.77,172.657,0.9890264490714687,0,0.0,0.0,0,0.5,0.9890264490714687,0,0.0,0.0,0,0,0,0
Variant V,61,44792,62.492111921310425,1.7542750835418701,6616.601,163.186,0.9889933463537356,0.0,0.0,3.347000251025019e-05,0,0.49998326499874485,0.9889933463537356,0.0,0.0,3.347000251025019e-05,0,0.9781183792372882,0.21396219989783755,0.6225404215964537
Base,62,690927,65.70483160018921,1.4598286151885986,6912.492,144.604,0.9859617288828404,0,0.0,0.0,0,0.5,0.9859617288828404,0,0.0,0.0,0,0,0,0
Variant I,62,690927,64.20628261566162,1.4990696907043457,6793.904,144.959,0.9859616604068094,0,0.0,0.0,0,0.5,0.9859616604068094,0,0.0,0.0,0,0,0,0
Variant II,62,690927,65.34203267097473,1.5128426551818848,6901.74,144.316,0.9859616604068094,0,0.0,0.0,0,0.5,0.9859616604068094,0,0.0,0.0,0,0,0,0
Variant III,62,690927,59.4855420589447,1.7845077514648438,6327.874,163.582,0.9890264490714687,0,0.0,0.0,0,0.5,0.9890264490714687,0,0.0,0.0,0,0,0,0
Variant IV,62,690927,59.317547082901,1.9057846069335938,6292.362,181.524,0.9890264490714687,0,0.0,0.0,0,0.5,0.9890264490714687,0,0.0,0.0,0,0,0,0
Variant V,62,690927,62.91213369369507,1.7480132579803467,6661.373,174.754,0.9890264490714687,0,0.0,0.0,0,0.5,0.9890264490714687,0,0.0,0.0,0,0,0,0
Base,63,50313,64.58100962638855,1.4606716632843018,6839.961,135.642,0.9859617288828404,0,0.0,0.0,0,0.5,0.9859617288828404,0,0.0,0.0,0,0,0,0
Variant I,63,50313,64.69278573989868,1.4640235900878906,6851.228,145.265,0.9859616604068094,0,0.0,0.0,0,0.5,0.9859616604068094,0,0.0,0.0,0,0,0,0
Variant II,63,50313,64.74443435668945,1.4621624946594238,6849.964,142.899,0.9859616604068094,0,0.0,0.0,0,0.5,0.9859616604068094,0,0.0,0.0,0,0,0,0
Variant III,63,50313,62.74452233314514,1.7276744842529297,6629.199,173.596,0.9890264490714687,0,0.0,0.0,0,0.5,0.9890264490714687,0,0.0,0.0,0,0,0,0
Variant IV,63,50313,62.042338371276855,1.8496527671813965,6650.985,182.755,0.9783135820450859,0.10424946499541425,0.12858220211161386,0.01225838841937913,0.11514435252405875,0.5581619068461173,0.9783135820450859,0.10424946499541425,0.12858220211161386,0.01225838841937913,0.11514435252405875,0.9526743420234206,0.9630556321178342,0.9681698275786014
Variant V,63,50313,62.07007050514221,1.735724687576294,6678.209,164.707,0.9746060776589758,0.0820340609258815,0.12895927601809956,0.016011212450840934,0.10027855153203342,0.5564740317836293,0.9746060776589758,0.0820340609258815,0.12895927601809956,0.016011212450840934,0.10027855153203342,0.9713054204819676,0.9821460512730685,0.8947644699910776
Base,64,780881,64.5731201171875,1.465071201324463,6840.009,145.594,0.9859617288828404,0,0.0,0.0,0,0.5,0.9859617288828404,0,0.0,0.0,0,0,0,0
Variant I,64,780881,64.97042417526245,1.4811840057373047,6880.69,143.786,0.9859616604068094,0,0.0,0.0,0,0.5,0.9859616604068094,0,0.0,0.0,0,0,0,0
Variant II,64,780881,66.25323843955994,1.487424373626709,6971.284,144.127,0.9859616604068094,0,0.0,0.0,0,0.5,0.9859616604068094,0,0.0,0.0,0,0,0,0
Variant III,64,780881,62.40063977241516,1.7665724754333496,6605.272,162.089,0.9890264490714687,0,0.0,0.0,0,0.5,0.9890264490714687,0,0.0,0.0,0,0,0,0
Variant IV,64,780881,63.21882915496826,1.8762428760528564,6652.949,182.315,0.9890264490714687,0,0.0,0.0,0,0.5,0.9890264490714687,0,0.0,0.0,0,0,0,0
Variant V,64,780881,63.843212366104126,1.7779603004455566,6749.513,165.339,0.9890264490714687,0,0.0,0.0,0,0.5,0.9890264490714687,0,0.0,0.0,0,0,0,0
Base,65,18958,65.66789555549622,1.594949722290039,6943.458,153.897,0.9859617288828404,0,0.0,0.0,0,0.5,0.9859617288828404,0,0.0,0.0,0,0,0,0
Variant I,65,18958,66.20578074455261,1.495450496673584,6955.982,142.087,0.9859616604068094,0,0.0,0.0,0,0.5,0.9859616604068094,0,0.0,0.0,0,0,0,0
Variant II,65,18958,65.06881928443909,1.511713981628418,6877.92,144.045,0.9859616604068094,0,0.0,0.0,0,0.5,0.9859616604068094,0,0.0,0.0,0,0,0,0
Variant III,65,18958,62.579264402389526,1.7658169269561768,6621.969,172.913,0.9890264490714687,0,0.0,0.0,0,0.5,0.9890264490714687,0,0.0,0.0,0,0,0,0
Variant IV,65,18958,62.3381028175354,1.902456521987915,6582.263,181.858,0.9890264490714687,0,0.0,0.0,0,0.5,0.9890264490714687,0,0.0,0.0,0,0,0,0
Variant V,65,18958,63.70879864692688,1.7501752376556396,6744.545,163.807,0.9890264490714687,0,0.0,0.0,0,0.5,0.9890264490714687,0,0.0,0.0,0,0,0,0
Base,66,804703,66.26664638519287,1.523484230041504,6978.568,153.936,0.9859617288828404,0,0.0,0.0,0,0.5,0.9859617288828404,0,0.0,0.0,0,0,0,0
Variant I,66,804703,65.39233422279358,1.512009620666504,6898.218,155.083,0.9859616604068094,0,0.0,0.0,0,0.5,0.9859616604068094,0,0.0,0.0,0,0,0,0
Variant II,66,804703,65.25091099739075,1.5108096599578857,6906.179,144.895,0.9859616604068094,0,0.0,0.0,0,0.5,0.9859616604068094,0,0.0,0.0,0,0,0,0
Variant III,66,804703,62.37245583534241,1.7647619247436523,6617.067,173.677,0.9890264490714687,0,0.0,0.0,0,0.5,0.9890264490714687,0,0.0,0.0,0,0,0,0
Variant IV,66,804703,61.34201979637146,1.8866260051727295,6489.97,181.732,0.9890264490714687,0,0.0,0.0,0,0.5,0.9890264490714687,0,0.0,0.0,0,0,0,0
Variant V,66,804703,58.4232451915741,1.7518038749694824,6330.973,174.605,0.8683132510179086,0.04788767318600254,0.582579185520362,0.12851644213873317,0.08850064442216812,0.7270313716908144,0.9890264490714687,0,0.0,0.0,0,0,0,0
Base,67,8985,65.39519333839417,1.4823243618011475,6921.039,144.049,0.9859617288828404,0,0.0,0.0,0,0.5,0.9859617288828404,0,0.0,0.0,0,0,0,0
Variant I,67,8985,65.47585892677307,1.497767686843872,6891.556,143.437,0.9859616604068094,0,0.0,0.0,0,0.5,0.9859616604068094,0,0.0,0.0,0,0,0,0
Variant II,67,8985,65.53715229034424,1.494016408920288,6885.436,144.673,0.9859616604068094,0,0.0,0.0,0,0.5,0.9859616604068094,0,0.0,0.0,0,0,0,0
Variant III,67,8985,60.42424702644348,1.7702577114105225,6444.09,164.923,0.9890264490714687,0,0.0,0.0,0,0.5,0.9890264490714687,0,0.0,0.0,0,0,0,0
Variant IV,67,8985,61.06257510185242,1.877204179763794,6472.322,183.673,0.9890264490714687,0,0.0,0.0,0,0.5,0.9890264490714687,0,0.0,0.0,0,0,0,0
Variant V,67,8985,62.62606334686279,1.7583236694335938,6705.161,173.699,0.9675841636598365,0.09666874221668742,0.2341628959276018,0.02427830307087273,0.1368444248567651,0.6049422964283645,0.9675841636598365,0.09666874221668742,0.2341628959276018,0.02427830307087273,0.1368444248567651,0.9796055846980279,0.993446578424708,0.9840825802712597
Base,68,99901,65.55276107788086,1.4764304161071777,6910.994,144.876,0.9859617288828404,0,0.0,0.0,0,0.5,0.9859617288828404,0,0.0,0.0,0,0,0,0
Variant I,68,99901,64.71428060531616,1.4830451011657715,6846.63,145.595,0.9859616604068094,0,0.0,0.0,0,0.5,0.9859616604068094,0,0.0,0.0,0,0,0,0
Variant II,68,99901,64.30866599082947,1.4993832111358643,6830.425,145.175,0.9859616604068094,0,0.0,0.0,0,0.5,0.9859616604068094,0,0.0,0.0,0,0,0,0
Variant III,68,99901,63.99112796783447,1.762871265411377,6706.563,172.56,0.9890264490714687,0,0.0,0.0,0,0.5,0.9890264490714687,0,0.0,0.0,0,0,0,0
Variant IV,68,99901,63.271546840667725,1.8664770126342773,6634.99,180.831,0.9890264490714687,0,0.0,0.0,0,0.5,0.9890264490714687,0,0.0,0.0,0,0,0,0
Variant V,68,99901,62.975597858428955,1.7479338645935059,6632.637,164.187,0.9890264490714687,0,0.0,0.0,0,0.5,0.9890264490714687,0,0.0,0.0,0,0,0,0
Base,69,655318,59.10451650619507,1.502279281616211,6224.188,152.429,0.9859617288828404,0,0.0,0.0,0,0.5,0.9859617288828404,0,0.0,0.0,0,0,0,0
Variant I,69,655318,63.1271915435791,1.4947175979614258,6668.629,144.193,0.9859616604068094,0,0.0,0.0,0,0.5,0.9859616604068094,0,0.0,0.0,0,0,0,0
Variant II,69,655318,66.68430876731873,1.488835334777832,7071.15,144.113,0.9264865128530315,0.0857511721138819,0.438498957609451,0.06656541270061148,0.14344984370559818,0.6859667724544197,0.9859616604068094,0,0.0,0.0,0,0,0,0
Variant III,69,655318,63.331316232681274,1.7669990062713623,6674.209,172.576,0.9890264490714687,0,0.0,0.0,0,0.5,0.9890264490714687,0,0.0,0.0,0,0,0,0
Variant IV,69,655318,60.45231246948242,1.9018354415893555,6395.504,182.697,0.9890264490714687,0,0.0,0.0,0,0.5,0.9890264490714687,0,0.0,0.0,0,0,0,0
Variant V,69,655318,62.52227544784546,1.783872365951538,6702.4,172.613,0.9890264490714687,0,0.0,0.0,0,0.5,0.9890264490714687,0,0.0,0.0,0,0,0,0
Base,70,224928,65.78030347824097,1.5041353702545166,6892.774,142.243,0.9859617288828404,0,0.0,0.0,0,0.5,0.9859617288828404,0,0.0,0.0,0,0,0,0
Variant I,70,224928,66.25180459022522,1.5167903900146484,6962.08,143.531,0.9859616604068094,0,0.0,0.0,0,0.5,0.9859616604068094,0,0.0,0.0,0,0,0,0
Variant II,70,224928,66.89639568328857,1.4735774993896484,6931.41,142.069,0.9859616604068094,0,0.0,0.0,0,0.5,0.9859616604068094,0,0.0,0.0,0,0,0,0
Variant III,70,224928,63.424373149871826,1.7508904933929443,6602.096,160.122,0.9890264490714687,0,0.0,0.0,0,0.5,0.9890264490714687,0,0.0,0.0,0,0,0,0
Variant IV,70,224928,63.53317356109619,1.866227626800537,6523.472,168.576,0.9890264490714687,0,0.0,0.0,0,0.5,0.9890264490714687,0,0.0,0.0,0,0,0,0
Variant V,70,224928,63.27089715003967,1.7496228218078613,6564.002,161.558,0.9890264490714687,0,0.0,0.0,0,0.5,0.9890264490714687,0,0.0,0.0,0,0,0,0
Base,71,926625,67.07473301887512,1.4906044006347656,6913.565,140.574,0.9859617288828404,0,0.0,0.0,0,0.5,0.9859617288828404,0,0.0,0.0,0,0,0,0
Variant I,71,926625,67.96968603134155,1.4856112003326416,6944.394,141.233,0.9859616604068094,0,0.0,0.0,0,0.5,0.9859616604068094,0,0.0,0.0,0,0,0,0
Variant II,71,926625,67.49691271781921,1.5004732608795166,6984.88,139.366,0.8767377201112141,0.06762184289796865,0.608408617095205,0.11944175093503255,0.1217155567913249,0.7444834330800862,0.9859616604068094,0,0.0,0.0,0,0,0,0
Variant III,71,926625,65.81170797348022,1.7456529140472412,6707.269,169.02,0.9890264490714687,0,0.0,0.0,0,0.5,0.9890264490714687,0,0.0,0.0,0,0,0,0
Variant IV,71,926625,63.93561577796936,1.8938889503479004,6542.115,177.908,0.9890264490714687,0,0.0,0.0,0,0.5,0.9890264490714687,0,0.0,0.0,0,0,0,0
Variant V,71,926625,63.22562599182129,1.7505369186401367,6537.333,168.83,0.9890264490714687,0,0.0,0.0,0,0.5,0.9890264490714687,0,0.0,0.0,0,0,0,0
Base,72,67898,66.48526453971863,1.4819159507751465,6897.271,133.301,0.9859617288828404,0,0.0,0.0,0,0.5,0.9859617288828404,0,0.0,0.0,0,0,0,0
Variant I,72,67898,66.0994975566864,1.4865350723266602,6905.898,143.701,0.9859616604068094,0,0.0,0.0,0,0.5,0.9859616604068094,0,0.0,0.0,0,0,0,0
Variant II,72,67898,65.98353266716003,1.4757051467895508,6923.521,143.737,0.9859616604068094,0,0.0,0.0,0,0.5,0.9859616604068094,0,0.0,0.0,0,0,0,0
Variant III,72,67898,63.4330518245697,1.7519488334655762,6704.787,163.706,0.9890264490714687,0,0.0,0.0,0,0.5,0.9890264490714687,0,0.0,0.0,0,0,0,0
Variant IV,72,67898,62.8941216468811,1.870255947113037,6716.706,173.007,0.5786437816544738,0.020879227053140097,0.8148567119155354,0.4239770730482805,0.04071520084407265,0.6954398194336275,0.9890264490714687,0,0.0,0.0,0,0,0,0
Variant V,72,67898,62.98494577407837,1.7522447109222412,6652.034,173.772,0.9890264490714687,0.5,0.0003770739064856712,4.183750313781274e-06,0.0007535795026375283,0.500186445078086,0.9890264490714687,0.5,0.0003770739064856712,4.183750313781274e-06,0.0007535795026375283,0,0,0
Base,73,68878,66.57416844367981,1.4789297580718994,6918.818,142.447,0.9859617288828404,0,0.0,0.0,0,0.5,0.9859617288828404,0,0.0,0.0,0,0,0,0
Variant I,73,68878,65.75200915336609,1.4756176471710205,6866.55,142.6,0.9859616604068094,0,0.0,0.0,0,0.5,0.9859616604068094,0,0.0,0.0,0,0,0,0
Variant II,73,68878,65.87995433807373,1.4693584442138672,6874.344,142.269,0.9859616604068094,0,0.0,0.0,0,0.5,0.9859616604068094,0,0.0,0.0,0,0,0,0
Variant III,73,68878,63.261491537094116,1.7559595108032227,6620.526,171.77,0.9890264490714687,0,0.0,0.0,0,0.5,0.9890264490714687,0,0.0,0.0,0,0,0,0
Variant IV,73,68878,63.59136629104614,1.855438232421875,6538.193,178.004,0.9890264490714687,0,0.0,0.0,0,0.5,0.9890264490714687,0,0.0,0.0,0,0,0,0
Variant V,73,68878,62.99414873123169,1.7404828071594238,6538.845,170.125,0.9890264490714687,0,0.0,0.0,0,0.5,0.9890264490714687,0,0.0,0.0,0,0,0,0
Base,74,904484,66.69415926933289,1.4998281002044678,6843.799,141.475,0.9859617288828404,0,0.0,0.0,0,0.5,0.9859617288828404,0,0.0,0.0,0,0,0,0
Variant I,74,904484,66.94308400154114,1.4691412448883057,6832.411,140.523,0.9859616604068094,0,0.0,0.0,0,0.5,0.9859616604068094,0,0.0,0.0,0,0,0,0
Variant II,74,904484,66.83922505378723,1.464557409286499,6783.387,130.463,0.9859616604068094,0,0.0,0.0,0,0.5,0.9859616604068094,0,0.0,0.0,0,0,0,0
Variant III,74,904484,64.0693142414093,1.7495691776275635,6507.776,168.388,0.9890057598728855,0.0,0.0,2.091875156890637e-05,0,0.4999895406242155,0.9890057598728855,0.0,0.0,2.091875156890637e-05,0,0.6809536293903232,0.6970039144835893,0
Variant IV,74,904484,63.54413938522339,1.8543078899383545,6441.696,176.153,0.9890264490714687,0,0.0,0.0,0,0.5,0.9890264490714687,0,0.0,0.0,0,0,0,0
Variant V,74,904484,62.83388805389404,1.7737152576446533,6459.402,169.529,0.9890264490714687,0,0.0,0.0,0,0.5,0.9890264490714687,0,0.0,0.0,0,0,0,0
Base,75,244299,66.46215963363647,1.4911370277404785,6790.407,140.271,0.9859617288828404,0,0.0,0.0,0,0.5,0.9859617288828404,0,0.0,0.0,0,0,0,0
Variant I,75,244299,66.81808733940125,1.4967796802520752,6793.362,140.237,0.9859616604068094,0,0.0,0.0,0,0.5,0.9859616604068094,0,0.0,0.0,0,0,0,0
Variant II,75,244299,66.64943242073059,1.496330976486206,6838.447,140.538,0.9859616604068094,0,0.0,0.0,0,0.5,0.9859616604068094,0,0.0,0.0,0,0,0,0
Variant III,75,244299,63.123154163360596,1.7484421730041504,6515.009,169.678,0.9890264490714687,0,0.0,0.0,0,0.5,0.9890264490714687,0,0.0,0.0,0,0,0,0
Variant IV,75,244299,62.80265021324158,1.8763775825500488,6484.528,177.996,0.9890264490714687,0,0.0,0.0,0,0.5,0.9890264490714687,0,0.0,0.0,0,0,0,0
Variant V,75,244299,62.99788856506348,1.749955415725708,6534.349,160.741,0.9890264490714687,0,0.0,0.0,0,0.5,0.9890264490714687,0,0.0,0.0,0,0,0,0
Base,76,912237,66.5552077293396,1.4757835865020752,6771.549,140.423,0.9859617288828404,0,0.0,0.0,0,0.5,0.9859617288828404,0,0.0,0.0,0,0,0,0
Variant I,76,912237,67.16955780982971,1.4816005229949951,6876.751,130.943,0.9859616604068094,0,0.0,0.0,0,0.5,0.9859616604068094,0,0.0,0.0,0,0,0,0
Variant II,76,912237,65.91757607460022,1.469456672668457,6777.073,139.515,0.9859616604068094,0,0.0,0.0,0,0.5,0.9859616604068094,0,0.0,0.0,0,0,0,0
Variant III,76,912237,63.82758831977844,1.7767572402954102,6597.331,157.439,0.7081043728690125,0.0278724321617825,0.755656108597285,0.2924232281817421,0.053761854301082476,0.7316164402077715,0.9890264490714687,0,0.0,0.0,0,0,0,0
Variant IV,76,912237,62.926721811294556,1.8562111854553223,6468.788,167.945,0.9890264490714687,0,0.0,0.0,0,0.5,0.9890264490714687,0,0.0,0.0,0,0,0,0
Variant V,76,912237,63.94521117210388,1.746854305267334,6508.024,167.736,0.9890264490714687,0,0.0,0.0,0,0.5,0.9890264490714687,0,0.0,0.0,0,0,0,0
Base,77,803684,65.96269488334656,1.4803540706634521,6771.351,139.047,0.9859617288828404,0,0.0,0.0,0,0.5,0.9859617288828404,0,0.0,0.0,0,0,0,0
Variant I,77,803684,66.07880759239197,1.4811968803405762,6890.375,140.058,0.888673723233013,0.06860751827659298,0.5510771369006254,0.10651950210753369,0.12202346605116368,0.7222788173965459,0.9859616604068094,0,0.0,0.0,0,0,0,0
Variant II,77,803684,66.07871890068054,1.4740400314331055,6818.446,130.992,0.9859616604068094,0,0.0,0.0,0,0.5,0.9859616604068094,0,0.0,0.0,0,0,0,0
Variant III,77,803684,63.38829803466797,1.7539398670196533,6569.274,160.376,0.9890264490714687,0,0.0,0.0,0,0.5,0.9890264490714687,0,0.0,0.0,0,0,0,0
Variant IV,77,803684,63.678515911102295,1.8843669891357422,6575.227,176.998,0.879410937137939,0.044968909959119174,0.4935897435897436,0.11630825872311941,0.0824281351342842,0.6886407424333121,0.9890264490714687,0,0.0,0.0,0,0,0,0
Variant V,77,803684,63.411399602890015,1.747565507888794,6480.64,159.625,0.9890264490714687,0,0.0,0.0,0,0.5,0.9890264490714687,0,0.0,0.0,0,0,0,0
Base,78,444936,66.50594973564148,1.478201150894165,6802.161,139.606,0.9859617288828404,0,0.0,0.0,0,0.5,0.9859617288828404,0,0.0,0.0,0,0,0,0
Variant I,78,444936,65.91851568222046,1.4852287769317627,6779.661,131.08,0.9859616604068094,0,0.0,0.0,0,0.5,0.9859616604068094,0,0.0,0.0,0,0,0,0
Variant II,78,444936,65.84799885749817,1.4664299488067627,6877.59,131.88,0.9221745280718013,0.0790032837550705,0.42633773453787355,0.07076563829576712,0.13330436199684936,0.6777860481210533,0.9859616604068094,0,0.0,0.0,0,0,0,0
Variant III,78,444936,63.247750759124756,1.74776029586792,6548.717,170.34,0.9890264490714687,0,0.0,0.0,0,0.5,0.9890264490714687,0,0.0,0.0,0,0,0,0
Variant IV,78,444936,63.71053743362427,1.8712213039398193,6569.156,169.17,0.9890264490714687,0,0.0,0.0,0,0.5,0.9890264490714687,0,0.0,0.0,0,0,0,0
Variant V,78,444936,63.84096169471741,1.7375802993774414,6628.071,168.66,0.9048462378761296,0.056775599128540306,0.49132730015082954,0.09056564304242323,0.1017889227404109,0.7003808285542032,0.9890264490714687,0,0.0,0.0,0,0,0,0
Base,79,895958,66.01556968688965,1.475616693496704,6792.341,131.03,0.9859519733087493,0.25,0.00034746351633078526,1.4841713129474157e-05,0.0006939625260235947,0.5001663109016006,0.9859519733087493,0.25,0.00034746351633078526,1.4841713129474157e-05,0.0006939625260235947,0.39481307276270816,0,0
Variant I,79,895958,65.93868851661682,1.470656156539917,6800.146,131.546,0.9859616604068094,0,0.0,0.0,0,0.5,0.9859616604068094,0,0.0,0.0,0,0,0,0
Variant II,79,895958,66.68683123588562,1.4751791954040527,6756.865,139.714,0.9859616604068094,0,0.0,0.0,0,0.5,0.9859616604068094,0,0.0,0.0,0,0,0,0
Variant III,79,895958,63.74953866004944,1.7637102603912354,6534.516,159.068,0.9890264490714687,0,0.0,0.0,0,0.5,0.9890264490714687,0,0.0,0.0,0,0,0,0
Variant IV,79,895958,63.47640299797058,1.8749322891235352,6510.063,174.897,0.9890264490714687,0,0.0,0.0,0,0.5,0.9890264490714687,0,0.0,0.0,0,0,0,0
Variant V,79,895958,64.53892993927002,1.7608342170715332,6628.975,169.37,0.9890264490714687,0,0.0,0.0,0,0.5,0.9890264490714687,0,0.0,0.0,0,0,0,0
Base,80,858828,66.40357041358948,1.508155345916748,6823.417,140.98,0.9859617288828404,0,0.0,0.0,0,0.5,0.9859617288828404,0,0.0,0.0,0,0,0,0
Variant I,80,858828,67.3916482925415,1.484457015991211,6917.303,131.2,0.9859616604068094,0,0.0,0.0,0,0.5,0.9859616604068094,0,0.0,0.0,0,0,0,0
Variant II,80,858828,67.5695481300354,1.4834048748016357,6926.333,140.47,0.9859616604068094,0,0.0,0.0,0,0.5,0.9859616604068094,0,0.0,0.0,0,0,0,0
Variant III,80,858828,64.61637830734253,1.7632510662078857,6590.788,158.676,0.9890264490714687,0,0.0,0.0,0,0.5,0.9890264490714687,0,0.0,0.0,0,0,0,0
Variant IV,80,858828,64.24431037902832,1.8952698707580566,6425.69,174.369,0.9890264490714687,0,0.0,0.0,0,0.5,0.9890264490714687,0,0.0,0.0,0,0,0,0
Variant V,80,858828,64.66681146621704,1.786301851272583,6462.025,165.088,0.9890264490714687,0,0.0,0.0,0,0.5,0.9890264490714687,0,0.0,0.0,0,0,0,0
Base,81,575347,66.46070003509521,1.4855434894561768,6718.822,138.66,0.9859617288828404,0,0.0,0.0,0,0.5,0.9859617288828404,0,0.0,0.0,0,0,0,0
Variant I,81,575347,66.80926871299744,1.510514736175537,6781.919,139.115,0.9859616604068094,0,0.0,0.0,0,0.5,0.9859616604068094,0,0.0,0.0,0,0,0,0
Variant II,81,575347,67.02738428115845,1.4797730445861816,6797.62,139.865,0.9859616604068094,0,0.0,0.0,0,0.5,0.9859616604068094,0,0.0,0.0,0,0,0,0
Variant III,81,575347,64.7527482509613,1.7619562149047852,6634.044,156.634,0.9558202853454268,0.08058952649733458,0.2907239819004525,0.03680026776002008,0.1261969064571569,0.6269618570702162,0.9558202853454268,0.08058952649733458,0.2907239819004525,0.03680026776002008,0.1261969064571569,0.9921426635346723,0.9512063123366941,0.9984708303186112
Variant IV,81,575347,64.70602250099182,1.8688864707946777,6628.951,166.898,0.8643781654473832,0.038230424918756514,0.47021116138763197,0.13124843109363232,0.07071165296285795,0.6694813651469999,0.9890264490714687,0,0.0,0.0,0,0,0,0
Variant V,81,575347,64.10582232475281,1.7495801448822021,6540.848,167.171,0.9890264490714687,0,0.0,0.0,0,0.5,0.9890264490714687,0,0.0,0.0,0,0,0,0
Base,82,464016,65.80661630630493,1.4820668697357178,6715.631,138.786,0.9859617288828404,0,0.0,0.0,0,0.5,0.9859617288828404,0,0.0,0.0,0,0,0,0
Variant I,82,464016,66.76234936714172,1.4781265258789062,6802.047,139.263,0.9859616604068094,0,0.0,0.0,0,0.5,0.9859616604068094,0,0.0,0.0,0,0,0,0
Variant II,82,464016,66.07722592353821,1.4686853885650635,6844.844,140.339,0.9856055802155992,0.3406113537117904,0.027102154273801252,0.000747036589951121,0.05020920502092051,0.5131775588419251,0.9856055802155992,0.3406113537117904,0.027102154273801252,0.000747036589951121,0.05020920502092051,0.9167597035876343,0.8455548085398831,0.8130272743282048
Variant III,82,464016,63.448668241500854,1.7529046535491943,6491.948,167.543,0.9890264490714687,0,0.0,0.0,0,0.5,0.9890264490714687,0,0.0,0.0,0,0,0,0
Variant IV,82,464016,62.95697498321533,1.8731739521026611,6446.422,167.833,0.9890264490714687,0,0.0,0.0,0,0.5,0.9890264490714687,0,0.0,0.0,0,0,0,0
Variant V,82,464016,64.4433114528656,1.7311577796936035,6591.718,158.393,0.9890264490714687,0,0.0,0.0,0,0.5,0.9890264490714687,0,0.0,0.0,0,0,0,0
Base,83,196829,65.58940839767456,1.4582288265228271,6715.61,130.555,0.9859617288828404,0,0.0,0.0,0,0.5,0.9859617288828404,0,0.0,0.0,0,0,0,0
Variant I,83,196829,66.87407803535461,1.4595975875854492,6826.018,130.413,0.9859616604068094,0,0.0,0.0,0,0.5,0.9859616604068094,0,0.0,0.0,0,0,0,0
Variant II,83,196829,65.55806517601013,1.4599969387054443,6713.51,129.883,0.9859616604068094,0,0.0,0.0,0,0.5,0.9859616604068094,0,0.0,0.0,0,0,0,0
Variant III,83,196829,62.675400257110596,1.7554714679718018,6437.314,168.803,0.9890264490714687,0,0.0,0.0,0,0.5,0.9890264490714687,0,0.0,0.0,0,0,0,0
Variant IV,83,196829,63.31318140029907,1.8421988487243652,6404.572,175.495,0.9890264490714687,0,0.0,0.0,0,0.5,0.9890264490714687,0,0.0,0.0,0,0,0,0
Variant V,83,196829,63.59115386009216,1.7448513507843018,6491.545,167.418,0.9890264490714687,0,0.0,0.0,0,0.5,0.9890264490714687,0,0.0,0.0,0,0,0,0
Base,84,309023,65.94606852531433,1.471839427947998,6745.147,139.938,0.9859617288828404,0,0.0,0.0,0,0.5,0.9859617288828404,0,0.0,0.0,0,0,0,0
Variant I,84,309023,66.20235204696655,1.462188482284546,6766.938,139.532,0.9859616604068094,0,0.0,0.0,0,0.5,0.9859616604068094,0,0.0,0.0,0,0,0,0
Variant II,84,309023,66.48992109298706,1.4655089378356934,6704.315,128.999,0.9859616604068094,0,0.0,0.0,0,0.5,0.9859616604068094,0,0.0,0.0,0,0,0,0
Variant III,84,309023,63.88871121406555,1.7305779457092285,6413.239,166.055,0.9890264490714687,0,0.0,0.0,0,0.5,0.9890264490714687,0,0.0,0.0,0,0,0,0
Variant IV,84,309023,63.9047429561615,1.8403089046478271,6442.946,175.506,0.9890264490714687,0,0.0,0.0,0,0.5,0.9890264490714687,0,0.0,0.0,0,0,0,0
Variant V,84,309023,63.726654291152954,1.7245135307312012,6385.222,156.388,0.9890264490714687,0,0.0,0.0,0,0.5,0.9890264490714687,0,0.0,0.0,0,0,0,0
Base,85,347381,66.27497386932373,1.4908781051635742,6628.77,137.465,0.9859617288828404,0,0.0,0.0,0,0.5,0.9859617288828404,0,0.0,0.0,0,0,0,0
Variant I,85,347381,66.95687627792358,1.4551780223846436,6718.998,138.07,0.9859616604068094,0,0.0,0.0,0,0.5,0.9859616604068094,0,0.0,0.0,0,0,0,0
Variant II,85,347381,65.68394637107849,1.4622979164123535,6642.546,137.692,0.9859616604068094,0,0.0,0.0,0,0.5,0.9859616604068094,0,0.0,0.0,0,0,0,0
Variant III,85,347381,63.83631181716919,1.73496413230896,6489.688,158.256,0.9890264490714687,0,0.0,0.0,0,0.5,0.9890264490714687,0,0.0,0.0,0,0,0,0
Variant IV,85,347381,52.097469091415405,1.8413865566253662,5436.211,166.514,0.9890264490714687,0,0.0,0.0,0,0.5,0.9890264490714687,0,0.0,0.0,0,0,0,0
Variant V,85,347381,63.55321979522705,1.727452039718628,6524.609,168.109,0.9568588831143037,0.05959664627237707,0.19834087481146304,0.03472512760438457,0.0916535981878376,0.5818078736035391,0.9568588831143037,0.05959664627237707,0.19834087481146304,0.03472512760438457,0.0916535981878376,0.9844808216383263,0.9992848496142166,0.9720736714715801
Base,86,310804,66.50288224220276,1.4661774635314941,6769.091,129.746,0.9859617288828404,0,0.0,0.0,0,0.5,0.9859617288828404,0,0.0,0.0,0,0,0,0
Variant I,86,310804,66.44724988937378,1.4626967906951904,6676.495,137.589,0.9859616604068094,0,0.0,0.0,0,0.5,0.9859616604068094,0,0.0,0.0,0,0,0,0
Variant II,86,310804,65.6422507762909,1.4670665264129639,6657.034,138.607,0.9859616604068094,0,0.0,0.0,0,0.5,0.9859616604068094,0,0.0,0.0,0,0,0,0
Variant III,86,310804,63.44291615486145,1.732133150100708,6555.284,167.424,0.8835736038928796,0.0493368700265252,0.5260180995475113,0.11245920843444063,0.09021243573576486,0.7067794455565353,0.9890264490714687,0,0.0,0.0,0,0,0,0
Variant IV,86,310804,62.684365034103394,1.8450095653533936,6391.687,176.53,0.9890264490714687,0,0.0,0.0,0,0.5,0.9890264490714687,0,0.0,0.0,0,0,0,0
Variant V,86,310804,63.43392539024353,1.7322449684143066,6402.49,156.406,0.9890264490714687,0,0.0,0.0,0,0.5,0.9890264490714687,0,0.0,0.0,0,0,0,0
Base,87,837523,66.00356149673462,1.4669864177703857,6592.675,137.0,0.9859617288828404,0,0.0,0.0,0,0.5,0.9859617288828404,0,0.0,0.0,0,0,0,0
Variant I,87,837523,66.2638566493988,1.4593868255615234,6691.511,128.115,0.9859616604068094,0,0.0,0.0,0,0.5,0.9859616604068094,0,0.0,0.0,0,0,0,0
Variant II,87,837523,65.64178848266602,1.4871268272399902,6654.547,129.568,0.9859616604068094,0,0.0,0.0,0,0.5,0.9859616604068094,0,0.0,0.0,0,0,0,0
Variant III,87,837523,62.906407833099365,1.7348175048828125,6397.894,157.107,0.9890264490714687,0,0.0,0.0,0,0.5,0.9890264490714687,0,0.0,0.0,0,0,0,0
Variant IV,87,837523,63.41752099990845,1.8427817821502686,6358.49,175.173,0.9890264490714687,0,0.0,0.0,0,0.5,0.9890264490714687,0,0.0,0.0,0,0,0,0
Variant V,87,837523,62.70809817314148,1.7347090244293213,6376.178,167.522,0.9890264490714687,0,0.0,0.0,0,0.5,0.9890264490714687,0,0.0,0.0,0,0,0,0
Base,88,268240,66.3997597694397,1.467031717300415,6682.589,129.324,0.9859617288828404,0,0.0,0.0,0,0.5,0.9859617288828404,0,0.0,0.0,0,0,0,0
Variant I,88,268240,66.41833233833313,1.4825749397277832,6629.757,127.495,0.9859616604068094,0,0.0,0.0,0,0.5,0.9859616604068094,0,0.0,0.0,0,0,0,0
Variant II,88,268240,66.61614179611206,1.4658722877502441,6629.248,127.331,0.9859616604068094,0,0.0,0.0,0,0.5,0.9859616604068094,0,0.0,0.0,0,0,0,0
Variant III,88,268240,63.82184958457947,1.7342112064361572,6394.214,156.324,0.9890264490714687,0,0.0,0.0,0,0.5,0.9890264490714687,0,0.0,0.0,0,0,0,0
Variant IV,88,268240,63.323731660842896,1.8398292064666748,6291.308,163.355,0.9890264490714687,0,0.0,0.0,0,0.5,0.9890264490714687,0,0.0,0.0,0,0,0,0
Variant V,88,268240,63.47444939613342,1.7268345355987549,6325.054,165.394,0.9890264490714687,0,0.0,0.0,0,0.5,0.9890264490714687,0,0.0,0.0,0,0,0,0
Base,89,366137,66.29314112663269,1.4688751697540283,6572.973,126.985,0.9859617288828404,0,0.0,0.0,0,0.5,0.9859617288828404,0,0.0,0.0,0,0,0,0
Variant I,89,366137,66.27186632156372,1.4752981662750244,6645.819,137.536,0.9859616604068094,0,0.0,0.0,0,0.5,0.9859616604068094,0,0.0,0.0,0,0,0,0
Variant II,89,366137,66.7564480304718,1.4691979885101318,6698.265,127.909,0.9859616604068094,0,0.0,0.0,0,0.5,0.9859616604068094,0,0.0,0.0,0,0,0,0
Variant III,89,366137,64.2437014579773,1.746955394744873,6403.27,165.339,0.9890264490714687,0,0.0,0.0,0,0.5,0.9890264490714687,0,0.0,0.0,0,0,0,0
Variant IV,89,366137,63.530211210250854,1.8385889530181885,6428.22,175.076,0.9890264490714687,0,0.0,0.0,0,0.5,0.9890264490714687,0,0.0,0.0,0,0,0,0
Variant V,89,366137,63.51865482330322,1.7347946166992188,6327.412,164.423,0.9890264490714687,0,0.0,0.0,0,0.5,0.9890264490714687,0,0.0,0.0,0,0,0,0
Base,90,449596,65.5159821510315,1.4611232280731201,6585.448,137.554,0.9859617288828404,0,0.0,0.0,0,0.5,0.9859617288828404,0,0.0,0.0,0,0,0,0
Variant I,90,449596,68.56177258491516,1.4967775344848633,6798.485,136.068,0.9859616604068094,0,0.0,0.0,0,0.5,0.9859616604068094,0,0.0,0.0,0,0,0,0
Variant II,90,449596,66.84104061126709,1.4804449081420898,6638.188,127.601,0.9859616604068094,0,0.0,0.0,0,0.5,0.9859616604068094,0,0.0,0.0,0,0,0,0
Variant III,90,449596,64.40979838371277,1.7447638511657715,6411.909,155.275,0.9890264490714687,0,0.0,0.0,0,0.5,0.9890264490714687,0,0.0,0.0,0,0,0,0
Variant IV,90,449596,64.02796292304993,1.8605139255523682,6486.872,174.215,0.9696075672812738,0.08284444444444444,0.17571644042232276,0.02158396786879759,0.11260118400386614,0.5770662362767627,0.9696075672812738,0.08284444444444444,0.17571644042232276,0.02158396786879759,0.11260118400386614,0.9491556657389865,0.9981997849557515,0.9258408891963744
Variant V,90,449596,64.0425477027893,1.7424964904785156,6398.728,155.612,0.9890264490714687,0,0.0,0.0,0,0.5,0.9890264490714687,0,0.0,0.0,0,0,0,0
Base,91,586917,66.6744499206543,1.4804704189300537,6607.573,135.765,0.9859617288828404,0,0.0,0.0,0,0.5,0.9859617288828404,0,0.0,0.0,0,0,0,0
Variant I,91,586917,65.95600533485413,1.4865052700042725,6625.69,128.613,0.9859616604068094,0,0.0,0.0,0,0.5,0.9859616604068094,0,0.0,0.0,0,0,0,0
Variant II,91,586917,66.01402020454407,1.4746410846710205,6675.912,129.041,0.9859616604068094,0,0.0,0.0,0,0.5,0.9859616604068094,0,0.0,0.0,0,0,0,0
Variant III,91,586917,63.45019292831421,1.7565908432006836,6433.539,157.441,0.9890264490714687,0,0.0,0.0,0,0.5,0.9890264490714687,0,0.0,0.0,0,0,0,0
Variant IV,91,586917,63.018614530563354,1.8619623184204102,6389.183,175.689,0.9890264490714687,0,0.0,0.0,0,0.5,0.9890264490714687,0,0.0,0.0,0,0,0,0
Variant V,91,586917,63.87034296989441,1.7788879871368408,6430.255,156.763,0.9890264490714687,0,0.0,0.0,0,0.5,0.9890264490714687,0,0.0,0.0,0,0,0,0
Base,92,980753,67.0107421875,1.4900171756744385,6681.782,136.827,0.9859617288828404,0,0.0,0.0,0,0.5,0.9859617288828404,0,0.0,0.0,0,0,0,0
Variant I,92,980753,67.41374969482422,1.470776081085205,6695.62,127.028,0.9859616604068094,0,0.0,0.0,0,0.5,0.9859616604068094,0,0.0,0.0,0,0,0,0
Variant II,92,980753,65.79810929298401,1.4654786586761475,6608.772,136.787,0.9859616604068094,0,0.0,0.0,0,0.5,0.9859616604068094,0,0.0,0.0,0,0,0,0
Variant III,92,980753,63.87355303764343,1.7358465194702148,6365.248,155.219,0.9890264490714687,0,0.0,0.0,0,0.5,0.9890264490714687,0,0.0,0.0,0,0,0,0
Variant IV,92,980753,64.07385468482971,1.863051414489746,6375.021,163.797,0.9890264490714687,0,0.0,0.0,0,0.5,0.9890264490714687,0,0.0,0.0,0,0,0,0
Variant V,92,980753,63.84808921813965,1.778571605682373,6346.069,164.48,0.9890264490714687,0,0.0,0.0,0,0.5,0.9890264490714687,0,0.0,0.0,0,0,0,0
Base,93,51662,66.73931670188904,1.481036901473999,6575.618,135.395,0.9859617288828404,0,0.0,0.0,0,0.5,0.9859617288828404,0,0.0,0.0,0,0,0,0
Variant I,93,51662,66.75968861579895,1.485466718673706,6577.75,136.249,0.9859616604068094,0,0.0,0.0,0,0.5,0.9859616604068094,0,0.0,0.0,0,0,0,0
Variant II,93,51662,66.72797179222107,1.4732003211975098,6664.376,127.365,0.9662845714843178,0.13840086052348513,0.2682418346073662,0.023776542061623097,0.1825922421948912,0.6222326462728716,0.9662845714843178,0.13840086052348513,0.2682418346073662,0.023776542061623097,0.1825922421948912,0.9928022589955514,0.924678016738073,0.9980326642905413
Variant III,93,51662,64.03622364997864,1.7443690299987793,6415.096,153.962,0.9165066701976232,0.05733481511416448,0.4279788838612368,0.07807296460547235,0.10112259444048469,0.6749529596278823,0.9890264490714687,0,0.0,0.0,0,0,0,0
Variant IV,93,51662,63.00686860084534,1.862222671508789,6299.273,173.967,0.9890264490714687,0,0.0,0.0,0,0.5,0.9890264490714687,0,0.0,0.0,0,0,0,0
Variant V,93,51662,64.08552193641663,1.7506282329559326,6378.048,154.445,0.9890264490714687,0,0.0,0.0,0,0.5,0.9890264490714687,0,0.0,0.0,0,0,0,0
Base,94,892873,66.04672980308533,1.4832520484924316,6623.571,137.581,0.9859617288828404,0,0.0,0.0,0,0.5,0.9859617288828404,0,0.0,0.0,0,0,0,0
Variant I,94,892873,66.88292574882507,1.4793107509613037,6664.338,128.221,0.9859616604068094,0,0.0,0.0,0,0.5,0.9859616604068094,0,0.0,0.0,0,0,0,0
Variant II,94,892873,66.18224668502808,1.4725055694580078,6658.085,138.328,0.9859616604068094,0,0.0,0.0,0,0.5,0.9859616604068094,0,0.0,0.0,0,0,0,0
Variant III,94,892873,64.52054810523987,1.7503383159637451,6428.342,164.457,0.9890264490714687,0,0.0,0.0,0,0.5,0.9890264490714687,0,0.0,0.0,0,0,0,0
Variant IV,94,892873,64.04429864883423,1.865154504776001,6417.391,174.327,0.9890264490714687,0,0.0,0.0,0,0.5,0.9890264490714687,0,0.0,0.0,0,0,0,0
Variant V,94,892873,64.18490195274353,1.7547345161437988,6451.244,163.915,0.9818266079645139,0.1304163126593033,0.11576168929110106,0.008564136892310267,0.12265281662005593,0.5535987761993953,0.9818266079645139,0.1304163126593033,0.11576168929110106,0.008564136892310267,0.12265281662005593,0.9982615930016702,0.9287913480268596,0.9877802030210002
Base,95,576798,66.57304120063782,1.4641265869140625,6580.464,135.462,0.9859617288828404,0,0.0,0.0,0,0.5,0.9859617288828404,0,0.0,0.0,0,0,0,0
Variant I,95,576798,66.89419150352478,1.4673128128051758,6598.135,136.357,0.9859616604068094,0,0.0,0.0,0,0.5,0.9859616604068094,0,0.0,0.0,0,0,0,0
Variant II,95,576798,66.79122400283813,1.5092368125915527,6669.895,135.907,0.9859616604068094,0,0.0,0.0,0,0.5,0.9859616604068094,0,0.0,0.0,0,0,0,0
Variant III,95,576798,64.34313941001892,1.7454612255096436,6387.856,161.844,0.9890264490714687,0,0.0,0.0,0,0.5,0.9890264490714687,0,0.0,0.0,0,0,0,0
Variant IV,95,576798,64.02276134490967,1.859886646270752,6368.323,171.375,0.9890264490714687,0,0.0,0.0,0,0.5,0.9890264490714687,0,0.0,0.0,0,0,0,0
Variant V,95,576798,64.60335063934326,1.7477004528045654,6388.431,164.972,0.9890264490714687,0,0.0,0.0,0,0.5,0.9890264490714687,0,0.0,0.0,0,0,0,0
Base,96,480866,66.96076393127441,1.479646921157837,6591.934,135.181,0.9859617288828404,0,0.0,0.0,0,0.5,0.9859617288828404,0,0.0,0.0,0,0,0,0
Variant I,96,480866,66.93342566490173,1.480525016784668,6581.806,135.487,0.9859616604068094,0,0.0,0.0,0,0.5,0.9859616604068094,0,0.0,0.0,0,0,0,0
Variant II,96,480866,65.9890251159668,1.4971840381622314,6590.098,137.439,0.9859616604068094,0,0.0,0.0,0,0.5,0.9859616604068094,0,0.0,0.0,0,0,0,0
Variant III,96,480866,63.45140266418457,1.75618577003479,6382.007,165.5,0.9890264490714687,0,0.0,0.0,0,0.5,0.9890264490714687,0,0.0,0.0,0,0,0,0
Variant IV,96,480866,64.1322717666626,1.8639333248138428,6342.699,172.504,0.9890264490714687,0,0.0,0.0,0,0.5,0.9890264490714687,0,0.0,0.0,0,0,0,0
Variant V,96,480866,64.24335145950317,1.7443475723266602,6361.307,165.079,0.9890264490714687,0,0.0,0.0,0,0.5,0.9890264490714687,0,0.0,0.0,0,0,0,0
Base,97,550670,67.14780497550964,1.504688024520874,6716.203,135.782,0.9688553297140153,0.12904590649460546,0.21195274496177902,0.02036777765134837,0.16042077580539119,0.5957924836552153,0.9688553297140153,0.12904590649460546,0.21195274496177902,0.02036777765134837,0.16042077580539119,0.9815973763851019,0.9726878480231242,0.9504893558277641
Variant I,97,550670,67.0500979423523,1.4781723022460938,6626.491,135.74,0.9859616604068094,0,0.0,0.0,0,0.5,0.9859616604068094,0,0.0,0.0,0,0,0,0
Variant II,97,550670,67.60386371612549,1.480041742324829,6733.907,137.144,0.9859616604068094,0,0.0,0.0,0,0.5,0.9859616604068094,0,0.0,0.0,0,0,0,0
Variant III,97,550670,64.13002824783325,1.755150318145752,6361.674,163.962,0.9890264490714687,0,0.0,0.0,0,0.5,0.9890264490714687,0,0.0,0.0,0,0,0,0
Variant IV,97,550670,63.93502473831177,1.8639740943908691,6389.338,173.958,0.9890264490714687,0,0.0,0.0,0,0.5,0.9890264490714687,0,0.0,0.0,0,0,0,0
Variant V,97,550670,64.25613188743591,1.7577526569366455,6528.608,164.568,0.7888750041378397,0.034060916639374265,0.6666666666666666,0.20976905698267928,0.06481057204127641,0.7284488048419935,0.9890264490714687,0,0.0,0.0,0,0,0,0
Base,98,584291,66.71624708175659,1.471834659576416,6615.367,136.608,0.9859617288828404,0,0.0,0.0,0,0.5,0.9859617288828404,0,0.0,0.0,0,0,0,0
Variant I,98,584291,66.88035535812378,1.4832375049591064,6687.307,136.934,0.9859616604068094,0,0.0,0.0,0,0.5,0.9859616604068094,0,0.0,0.0,0,0,0,0
Variant II,98,584291,66.85240960121155,1.4746181964874268,6614.618,136.93,0.9859616604068094,0,0.0,0.0,0,0.5,0.9859616604068094,0,0.0,0.0,0,0,0,0
Variant III,98,584291,64.00148963928223,1.7526116371154785,6378.457,164.792,0.9890264490714687,0,0.0,0.0,0,0.5,0.9890264490714687,0,0.0,0.0,0,0,0,0
Variant IV,98,584291,64.0240068435669,1.8663179874420166,6406.776,174.029,0.9890264490714687,0,0.0,0.0,0,0.5,0.9890264490714687,0,0.0,0.0,0,0,0,0
Variant V,98,584291,64.14597821235657,1.7461214065551758,6384.629,155.248,0.9890264490714687,0,0.0,0.0,0,0.5,0.9890264490714687,0,0.0,0.0,0,0,0,0
Base,99,362131,65.77608394622803,1.4733915328979492,6605.703,136.099,0.9859617288828404,0,0.0,0.0,0,0.5,0.9859617288828404,0,0.0,0.0,0,0,0,0
Variant I,99,362131,67.10283136367798,1.4999799728393555,6757.291,138.045,0.9859616604068094,0,0.0,0.0,0,0.5,0.9859616604068094,0,0.0,0.0,0,0,0,0
Variant II,99,362131,68.71711111068726,1.4785702228546143,6916.713,139.236,0.9859616604068094,0,0.0,0.0,0,0.5,0.9859616604068094,0,0.0,0.0,0,0,0,0
Variant III,99,362131,64.22884178161621,1.7596986293792725,6538.404,165.848,0.9650600814326856,0.08616747642183481,0.22737556561085973,0.026755083256631243,0.1249740932642487,0.6003102411771143,0.9650600814326856,0.08616747642183481,0.22737556561085973,0.026755083256631243,0.1249740932642487,0.9956789158299962,0.9930819627379053,0.9759859182615372
Variant IV,99,362131,63.02457523345947,1.87337327003479,6436.567,164.509,0.9890264490714687,0,0.0,0.0,0,0.5,0.9890264490714687,0,0.0,0.0,0,0,0,0
Variant V,99,362131,64.65295314788818,1.7448368072509766,6548.77,157.339,0.9890264490714687,0,0.0,0.0,0,0.5,0.9890264490714687,0,0.0,0.0,0,0,0,0
